Error processing file PID-997_07 Tank Farm B and C Steam and Condensate.pdf: 
Traceback (most recent call last):
  File "/mnt/batch/tasks/shared/LS_root/mounts/clusters/morgenpronk1/code/Users/MorgenPronk/PID_scrape_project/pid_scrape_script.py", line 114, in loop_files
    doc_content = pid_scrape(pid_file_path)
  File "/mnt/batch/tasks/shared/LS_root/mounts/clusters/morgenpronk1/code/Users/MorgenPronk/PID_scrape_project/pid_scrape_script.py", line 84, in pid_scrape
    pid_content = fitz.open(file_path)
  File "/mnt/batch/tasks/shared/LS_root/mounts/clusters/morgenpronk1/code/Users/MorgenPronk/PID_scrape_project/venv/lib/python3.10/site-packages/pymupdf/__init__.py", line 2957, in __init__
    raise FileNotFoundError(f"no such file: '{filename}'")
pymupdf.FileNotFoundError: no such file: './docs/02-PID-255_05 Black Ester Tank 5802.pdf/PID-997_07 Tank Farm B and C Steam and Condensate.pdf'


Error processing file PID-997_07 Tank Farm B and C Steam and Condensate.pdf: 
Traceback (most recent call last):
  File "/mnt/batch/tasks/shared/LS_root/mounts/clusters/morgenpronk1/code/Users/MorgenPronk/PID_scrape_project/pid_scrape_script.py", line 114, in loop_files
    doc_content = pid_scrape(pid_file_path)
  File "/mnt/batch/tasks/shared/LS_root/mounts/clusters/morgenpronk1/code/Users/MorgenPronk/PID_scrape_project/pid_scrape_script.py", line 84, in pid_scrape
    pid_content = fitz.open(file_path)
  File "/mnt/batch/tasks/shared/LS_root/mounts/clusters/morgenpronk1/code/Users/MorgenPronk/PID_scrape_project/venv/lib/python3.10/site-packages/pymupdf/__init__.py", line 2957, in __init__
    raise FileNotFoundError(f"no such file: '{filename}'")
pymupdf.FileNotFoundError: no such file: './docs/PID-001-LEGEND SHEET.pdf/PID-997_07 Tank Farm B and C Steam and Condensate.pdf'


Error processing file PID-997_07 Tank Farm B and C Steam and Condensate.pdf: 
Traceback (most recent call last):
  File "/mnt/batch/tasks/shared/LS_root/mounts/clusters/morgenpronk1/code/Users/MorgenPronk/PID_scrape_project/pid_scrape_script.py", line 114, in loop_files
    doc_content = pid_scrape(pid_file_path)
  File "/mnt/batch/tasks/shared/LS_root/mounts/clusters/morgenpronk1/code/Users/MorgenPronk/PID_scrape_project/pid_scrape_script.py", line 84, in pid_scrape
    pid_content = fitz.open(file_path)
  File "/mnt/batch/tasks/shared/LS_root/mounts/clusters/morgenpronk1/code/Users/MorgenPronk/PID_scrape_project/venv/lib/python3.10/site-packages/pymupdf/__init__.py", line 2957, in __init__
    raise FileNotFoundError(f"no such file: '{filename}'")
pymupdf.FileNotFoundError: no such file: './docs/PID-002-PROCESS & PIPE STANDARDS.pdf/PID-997_07 Tank Farm B and C Steam and Condensate.pdf'


Error processing file PID-997_07 Tank Farm B and C Steam and Condensate.pdf: 
Traceback (most recent call last):
  File "/mnt/batch/tasks/shared/LS_root/mounts/clusters/morgenpronk1/code/Users/MorgenPronk/PID_scrape_project/pid_scrape_script.py", line 114, in loop_files
    doc_content = pid_scrape(pid_file_path)
  File "/mnt/batch/tasks/shared/LS_root/mounts/clusters/morgenpronk1/code/Users/MorgenPronk/PID_scrape_project/pid_scrape_script.py", line 84, in pid_scrape
    pid_content = fitz.open(file_path)
  File "/mnt/batch/tasks/shared/LS_root/mounts/clusters/morgenpronk1/code/Users/MorgenPronk/PID_scrape_project/venv/lib/python3.10/site-packages/pymupdf/__init__.py", line 2957, in __init__
    raise FileNotFoundError(f"no such file: '{filename}'")
pymupdf.FileNotFoundError: no such file: './docs/PID-003-PROCESS CONTROL & INSTRUMENTATION SYMBOLS.pdf/PID-997_07 Tank Farm B and C Steam and Condensate.pdf'


Error processing file PID-997_07 Tank Farm B and C Steam and Condensate.pdf: 
Traceback (most recent call last):
  File "/mnt/batch/tasks/shared/LS_root/mounts/clusters/morgenpronk1/code/Users/MorgenPronk/PID_scrape_project/pid_scrape_script.py", line 114, in loop_files
    doc_content = pid_scrape(pid_file_path)
  File "/mnt/batch/tasks/shared/LS_root/mounts/clusters/morgenpronk1/code/Users/MorgenPronk/PID_scrape_project/pid_scrape_script.py", line 84, in pid_scrape
    pid_content = fitz.open(file_path)
  File "/mnt/batch/tasks/shared/LS_root/mounts/clusters/morgenpronk1/code/Users/MorgenPronk/PID_scrape_project/venv/lib/python3.10/site-packages/pymupdf/__init__.py", line 2957, in __init__
    raise FileNotFoundError(f"no such file: '{filename}'")
pymupdf.FileNotFoundError: no such file: './docs/PID-004-AUTOMATION.pdf/PID-997_07 Tank Farm B and C Steam and Condensate.pdf'


Error processing file PID-997_07 Tank Farm B and C Steam and Condensate.pdf: 
Traceback (most recent call last):
  File "/mnt/batch/tasks/shared/LS_root/mounts/clusters/morgenpronk1/code/Users/MorgenPronk/PID_scrape_project/pid_scrape_script.py", line 114, in loop_files
    doc_content = pid_scrape(pid_file_path)
  File "/mnt/batch/tasks/shared/LS_root/mounts/clusters/morgenpronk1/code/Users/MorgenPronk/PID_scrape_project/pid_scrape_script.py", line 84, in pid_scrape
    pid_content = fitz.open(file_path)
  File "/mnt/batch/tasks/shared/LS_root/mounts/clusters/morgenpronk1/code/Users/MorgenPronk/PID_scrape_project/venv/lib/python3.10/site-packages/pymupdf/__init__.py", line 2957, in __init__
    raise FileNotFoundError(f"no such file: '{filename}'")
pymupdf.FileNotFoundError: no such file: './docs/PID-100 Feed Stock Truck Unload Lanes 20240306.pdf/PID-997_07 Tank Farm B and C Steam and Condensate.pdf'


Error processing file PID-997_07 Tank Farm B and C Steam and Condensate.pdf: 
Traceback (most recent call last):
  File "/mnt/batch/tasks/shared/LS_root/mounts/clusters/morgenpronk1/code/Users/MorgenPronk/PID_scrape_project/pid_scrape_script.py", line 114, in loop_files
    doc_content = pid_scrape(pid_file_path)
  File "/mnt/batch/tasks/shared/LS_root/mounts/clusters/morgenpronk1/code/Users/MorgenPronk/PID_scrape_project/pid_scrape_script.py", line 84, in pid_scrape
    pid_content = fitz.open(file_path)
  File "/mnt/batch/tasks/shared/LS_root/mounts/clusters/morgenpronk1/code/Users/MorgenPronk/PID_scrape_project/venv/lib/python3.10/site-packages/pymupdf/__init__.py", line 2957, in __init__
    raise FileNotFoundError(f"no such file: '{filename}'")
pymupdf.FileNotFoundError: no such file: './docs/PID-1000_04 Relief Catch Tank.pdf/PID-997_07 Tank Farm B and C Steam and Condensate.pdf'


Error processing file PID-997_07 Tank Farm B and C Steam and Condensate.pdf: 
Traceback (most recent call last):
  File "/mnt/batch/tasks/shared/LS_root/mounts/clusters/morgenpronk1/code/Users/MorgenPronk/PID_scrape_project/pid_scrape_script.py", line 114, in loop_files
    doc_content = pid_scrape(pid_file_path)
  File "/mnt/batch/tasks/shared/LS_root/mounts/clusters/morgenpronk1/code/Users/MorgenPronk/PID_scrape_project/pid_scrape_script.py", line 84, in pid_scrape
    pid_content = fitz.open(file_path)
  File "/mnt/batch/tasks/shared/LS_root/mounts/clusters/morgenpronk1/code/Users/MorgenPronk/PID_scrape_project/venv/lib/python3.10/site-packages/pymupdf/__init__.py", line 2957, in __init__
    raise FileNotFoundError(f"no such file: '{filename}'")
pymupdf.FileNotFoundError: no such file: './docs/PID-105_06 Rail Unload Lanes 1-2 20240424.pdf/PID-997_07 Tank Farm B and C Steam and Condensate.pdf'


Error processing file PID-997_07 Tank Farm B and C Steam and Condensate.pdf: 
Traceback (most recent call last):
  File "/mnt/batch/tasks/shared/LS_root/mounts/clusters/morgenpronk1/code/Users/MorgenPronk/PID_scrape_project/pid_scrape_script.py", line 114, in loop_files
    doc_content = pid_scrape(pid_file_path)
  File "/mnt/batch/tasks/shared/LS_root/mounts/clusters/morgenpronk1/code/Users/MorgenPronk/PID_scrape_project/pid_scrape_script.py", line 84, in pid_scrape
    pid_content = fitz.open(file_path)
  File "/mnt/batch/tasks/shared/LS_root/mounts/clusters/morgenpronk1/code/Users/MorgenPronk/PID_scrape_project/venv/lib/python3.10/site-packages/pymupdf/__init__.py", line 2957, in __init__
    raise FileNotFoundError(f"no such file: '{filename}'")
pymupdf.FileNotFoundError: no such file: './docs/PID-11284_04 Transesterification.pdf/PID-997_07 Tank Farm B and C Steam and Condensate.pdf'


Error processing file PID-997_07 Tank Farm B and C Steam and Condensate.pdf: 
Traceback (most recent call last):
  File "/mnt/batch/tasks/shared/LS_root/mounts/clusters/morgenpronk1/code/Users/MorgenPronk/PID_scrape_project/pid_scrape_script.py", line 114, in loop_files
    doc_content = pid_scrape(pid_file_path)
  File "/mnt/batch/tasks/shared/LS_root/mounts/clusters/morgenpronk1/code/Users/MorgenPronk/PID_scrape_project/pid_scrape_script.py", line 84, in pid_scrape
    pid_content = fitz.open(file_path)
  File "/mnt/batch/tasks/shared/LS_root/mounts/clusters/morgenpronk1/code/Users/MorgenPronk/PID_scrape_project/venv/lib/python3.10/site-packages/pymupdf/__init__.py", line 2957, in __init__
    raise FileNotFoundError(f"no such file: '{filename}'")
pymupdf.FileNotFoundError: no such file: './docs/PID-11285_05 Methyl Ester Glycerin Separation.pdf/PID-997_07 Tank Farm B and C Steam and Condensate.pdf'


Error processing file PID-997_07 Tank Farm B and C Steam and Condensate.pdf: 
Traceback (most recent call last):
  File "/mnt/batch/tasks/shared/LS_root/mounts/clusters/morgenpronk1/code/Users/MorgenPronk/PID_scrape_project/pid_scrape_script.py", line 114, in loop_files
    doc_content = pid_scrape(pid_file_path)
  File "/mnt/batch/tasks/shared/LS_root/mounts/clusters/morgenpronk1/code/Users/MorgenPronk/PID_scrape_project/pid_scrape_script.py", line 84, in pid_scrape
    pid_content = fitz.open(file_path)
  File "/mnt/batch/tasks/shared/LS_root/mounts/clusters/morgenpronk1/code/Users/MorgenPronk/PID_scrape_project/venv/lib/python3.10/site-packages/pymupdf/__init__.py", line 2957, in __init__
    raise FileNotFoundError(f"no such file: '{filename}'")
pymupdf.FileNotFoundError: no such file: './docs/PID-11286_04 Water and Citric Acid Dosing.pdf/PID-997_07 Tank Farm B and C Steam and Condensate.pdf'


Error processing file PID-997_07 Tank Farm B and C Steam and Condensate.pdf: 
Traceback (most recent call last):
  File "/mnt/batch/tasks/shared/LS_root/mounts/clusters/morgenpronk1/code/Users/MorgenPronk/PID_scrape_project/pid_scrape_script.py", line 114, in loop_files
    doc_content = pid_scrape(pid_file_path)
  File "/mnt/batch/tasks/shared/LS_root/mounts/clusters/morgenpronk1/code/Users/MorgenPronk/PID_scrape_project/pid_scrape_script.py", line 84, in pid_scrape
    pid_content = fitz.open(file_path)
  File "/mnt/batch/tasks/shared/LS_root/mounts/clusters/morgenpronk1/code/Users/MorgenPronk/PID_scrape_project/venv/lib/python3.10/site-packages/pymupdf/__init__.py", line 2957, in __init__
    raise FileNotFoundError(f"no such file: '{filename}'")
pymupdf.FileNotFoundError: no such file: './docs/PID-11287_04 Methyl Ester Centrifuge.pdf/PID-997_07 Tank Farm B and C Steam and Condensate.pdf'


Error processing file PID-997_07 Tank Farm B and C Steam and Condensate.pdf: 
Traceback (most recent call last):
  File "/mnt/batch/tasks/shared/LS_root/mounts/clusters/morgenpronk1/code/Users/MorgenPronk/PID_scrape_project/pid_scrape_script.py", line 114, in loop_files
    doc_content = pid_scrape(pid_file_path)
  File "/mnt/batch/tasks/shared/LS_root/mounts/clusters/morgenpronk1/code/Users/MorgenPronk/PID_scrape_project/pid_scrape_script.py", line 84, in pid_scrape
    pid_content = fitz.open(file_path)
  File "/mnt/batch/tasks/shared/LS_root/mounts/clusters/morgenpronk1/code/Users/MorgenPronk/PID_scrape_project/venv/lib/python3.10/site-packages/pymupdf/__init__.py", line 2957, in __init__
    raise FileNotFoundError(f"no such file: '{filename}'")
pymupdf.FileNotFoundError: no such file: './docs/PID-11289_08 Glycerin Soap Splitting.pdf/PID-997_07 Tank Farm B and C Steam and Condensate.pdf'


Error processing file PID-997_07 Tank Farm B and C Steam and Condensate.pdf: 
Traceback (most recent call last):
  File "/mnt/batch/tasks/shared/LS_root/mounts/clusters/morgenpronk1/code/Users/MorgenPronk/PID_scrape_project/pid_scrape_script.py", line 114, in loop_files
    doc_content = pid_scrape(pid_file_path)
  File "/mnt/batch/tasks/shared/LS_root/mounts/clusters/morgenpronk1/code/Users/MorgenPronk/PID_scrape_project/pid_scrape_script.py", line 84, in pid_scrape
    pid_content = fitz.open(file_path)
  File "/mnt/batch/tasks/shared/LS_root/mounts/clusters/morgenpronk1/code/Users/MorgenPronk/PID_scrape_project/venv/lib/python3.10/site-packages/pymupdf/__init__.py", line 2957, in __init__
    raise FileNotFoundError(f"no such file: '{filename}'")
pymupdf.FileNotFoundError: no such file: './docs/PID-11290_08 Glycerin Drying.pdf/PID-997_07 Tank Farm B and C Steam and Condensate.pdf'


Error processing file PID-997_07 Tank Farm B and C Steam and Condensate.pdf: 
Traceback (most recent call last):
  File "/mnt/batch/tasks/shared/LS_root/mounts/clusters/morgenpronk1/code/Users/MorgenPronk/PID_scrape_project/pid_scrape_script.py", line 114, in loop_files
    doc_content = pid_scrape(pid_file_path)
  File "/mnt/batch/tasks/shared/LS_root/mounts/clusters/morgenpronk1/code/Users/MorgenPronk/PID_scrape_project/pid_scrape_script.py", line 84, in pid_scrape
    pid_content = fitz.open(file_path)
  File "/mnt/batch/tasks/shared/LS_root/mounts/clusters/morgenpronk1/code/Users/MorgenPronk/PID_scrape_project/venv/lib/python3.10/site-packages/pymupdf/__init__.py", line 2957, in __init__
    raise FileNotFoundError(f"no such file: '{filename}'")
pymupdf.FileNotFoundError: no such file: './docs/PID-11291_03 Methanol Rectification.pdf/PID-997_07 Tank Farm B and C Steam and Condensate.pdf'


Error processing file PID-997_07 Tank Farm B and C Steam and Condensate.pdf: 
Traceback (most recent call last):
  File "/mnt/batch/tasks/shared/LS_root/mounts/clusters/morgenpronk1/code/Users/MorgenPronk/PID_scrape_project/pid_scrape_script.py", line 114, in loop_files
    doc_content = pid_scrape(pid_file_path)
  File "/mnt/batch/tasks/shared/LS_root/mounts/clusters/morgenpronk1/code/Users/MorgenPronk/PID_scrape_project/pid_scrape_script.py", line 84, in pid_scrape
    pid_content = fitz.open(file_path)
  File "/mnt/batch/tasks/shared/LS_root/mounts/clusters/morgenpronk1/code/Users/MorgenPronk/PID_scrape_project/venv/lib/python3.10/site-packages/pymupdf/__init__.py", line 2957, in __init__
    raise FileNotFoundError(f"no such file: '{filename}'")
pymupdf.FileNotFoundError: no such file: './docs/PID-11292_02 Vent Gas Recovery.pdf/PID-997_07 Tank Farm B and C Steam and Condensate.pdf'


Error processing file PID-997_07 Tank Farm B and C Steam and Condensate.pdf: 
Traceback (most recent call last):
  File "/mnt/batch/tasks/shared/LS_root/mounts/clusters/morgenpronk1/code/Users/MorgenPronk/PID_scrape_project/pid_scrape_script.py", line 114, in loop_files
    doc_content = pid_scrape(pid_file_path)
  File "/mnt/batch/tasks/shared/LS_root/mounts/clusters/morgenpronk1/code/Users/MorgenPronk/PID_scrape_project/pid_scrape_script.py", line 84, in pid_scrape
    pid_content = fitz.open(file_path)
  File "/mnt/batch/tasks/shared/LS_root/mounts/clusters/morgenpronk1/code/Users/MorgenPronk/PID_scrape_project/venv/lib/python3.10/site-packages/pymupdf/__init__.py", line 2957, in __init__
    raise FileNotFoundError(f"no such file: '{filename}'")
pymupdf.FileNotFoundError: no such file: './docs/PID-115_05 Feedstock Tank 801 20240711.pdf/PID-997_07 Tank Farm B and C Steam and Condensate.pdf'


Error processing file PID-997_07 Tank Farm B and C Steam and Condensate.pdf: 
Traceback (most recent call last):
  File "/mnt/batch/tasks/shared/LS_root/mounts/clusters/morgenpronk1/code/Users/MorgenPronk/PID_scrape_project/pid_scrape_script.py", line 114, in loop_files
    doc_content = pid_scrape(pid_file_path)
  File "/mnt/batch/tasks/shared/LS_root/mounts/clusters/morgenpronk1/code/Users/MorgenPronk/PID_scrape_project/pid_scrape_script.py", line 84, in pid_scrape
    pid_content = fitz.open(file_path)
  File "/mnt/batch/tasks/shared/LS_root/mounts/clusters/morgenpronk1/code/Users/MorgenPronk/PID_scrape_project/venv/lib/python3.10/site-packages/pymupdf/__init__.py", line 2957, in __init__
    raise FileNotFoundError(f"no such file: '{filename}'")
pymupdf.FileNotFoundError: no such file: './docs/PID-117_09 Feedstock Tank 7 2024.pdf/PID-997_07 Tank Farm B and C Steam and Condensate.pdf'


Error processing file PID-997_07 Tank Farm B and C Steam and Condensate.pdf: 
Traceback (most recent call last):
  File "/mnt/batch/tasks/shared/LS_root/mounts/clusters/morgenpronk1/code/Users/MorgenPronk/PID_scrape_project/pid_scrape_script.py", line 114, in loop_files
    doc_content = pid_scrape(pid_file_path)
  File "/mnt/batch/tasks/shared/LS_root/mounts/clusters/morgenpronk1/code/Users/MorgenPronk/PID_scrape_project/pid_scrape_script.py", line 84, in pid_scrape
    pid_content = fitz.open(file_path)
  File "/mnt/batch/tasks/shared/LS_root/mounts/clusters/morgenpronk1/code/Users/MorgenPronk/PID_scrape_project/venv/lib/python3.10/site-packages/pymupdf/__init__.py", line 2957, in __init__
    raise FileNotFoundError(f"no such file: '{filename}'")
pymupdf.FileNotFoundError: no such file: './docs/PID-127_07 FFA Surge Tank T-806 20231117.pdf/PID-997_07 Tank Farm B and C Steam and Condensate.pdf'


Error processing file PID-997_07 Tank Farm B and C Steam and Condensate.pdf: 
Traceback (most recent call last):
  File "/mnt/batch/tasks/shared/LS_root/mounts/clusters/morgenpronk1/code/Users/MorgenPronk/PID_scrape_project/pid_scrape_script.py", line 114, in loop_files
    doc_content = pid_scrape(pid_file_path)
  File "/mnt/batch/tasks/shared/LS_root/mounts/clusters/morgenpronk1/code/Users/MorgenPronk/PID_scrape_project/pid_scrape_script.py", line 84, in pid_scrape
    pid_content = fitz.open(file_path)
  File "/mnt/batch/tasks/shared/LS_root/mounts/clusters/morgenpronk1/code/Users/MorgenPronk/PID_scrape_project/venv/lib/python3.10/site-packages/pymupdf/__init__.py", line 2957, in __init__
    raise FileNotFoundError(f"no such file: '{filename}'")
pymupdf.FileNotFoundError: no such file: './docs/PID-130_06 Tank 5103 Refined Feedstock 20240129.pdf/PID-997_07 Tank Farm B and C Steam and Condensate.pdf'


Error processing file PID-997_07 Tank Farm B and C Steam and Condensate.pdf: 
Traceback (most recent call last):
  File "/mnt/batch/tasks/shared/LS_root/mounts/clusters/morgenpronk1/code/Users/MorgenPronk/PID_scrape_project/pid_scrape_script.py", line 114, in loop_files
    doc_content = pid_scrape(pid_file_path)
  File "/mnt/batch/tasks/shared/LS_root/mounts/clusters/morgenpronk1/code/Users/MorgenPronk/PID_scrape_project/pid_scrape_script.py", line 84, in pid_scrape
    pid_content = fitz.open(file_path)
  File "/mnt/batch/tasks/shared/LS_root/mounts/clusters/morgenpronk1/code/Users/MorgenPronk/PID_scrape_project/venv/lib/python3.10/site-packages/pymupdf/__init__.py", line 2957, in __init__
    raise FileNotFoundError(f"no such file: '{filename}'")
pymupdf.FileNotFoundError: no such file: './docs/PID-140_06 Methanol Tanks TS-5201, TS-5202 20240502.pdf/PID-997_07 Tank Farm B and C Steam and Condensate.pdf'


Error processing file PID-997_07 Tank Farm B and C Steam and Condensate.pdf: 
Traceback (most recent call last):
  File "/mnt/batch/tasks/shared/LS_root/mounts/clusters/morgenpronk1/code/Users/MorgenPronk/PID_scrape_project/pid_scrape_script.py", line 114, in loop_files
    doc_content = pid_scrape(pid_file_path)
  File "/mnt/batch/tasks/shared/LS_root/mounts/clusters/morgenpronk1/code/Users/MorgenPronk/PID_scrape_project/pid_scrape_script.py", line 84, in pid_scrape
    pid_content = fitz.open(file_path)
  File "/mnt/batch/tasks/shared/LS_root/mounts/clusters/morgenpronk1/code/Users/MorgenPronk/PID_scrape_project/venv/lib/python3.10/site-packages/pymupdf/__init__.py", line 2957, in __init__
    raise FileNotFoundError(f"no such file: '{filename}'")
pymupdf.FileNotFoundError: no such file: './docs/PID-145_06 Methanol Tanks TS-5203 & TS-5204 20240502.pdf/PID-997_07 Tank Farm B and C Steam and Condensate.pdf'


Error processing file PID-997_07 Tank Farm B and C Steam and Condensate.pdf: 
Traceback (most recent call last):
  File "/mnt/batch/tasks/shared/LS_root/mounts/clusters/morgenpronk1/code/Users/MorgenPronk/PID_scrape_project/pid_scrape_script.py", line 114, in loop_files
    doc_content = pid_scrape(pid_file_path)
  File "/mnt/batch/tasks/shared/LS_root/mounts/clusters/morgenpronk1/code/Users/MorgenPronk/PID_scrape_project/pid_scrape_script.py", line 84, in pid_scrape
    pid_content = fitz.open(file_path)
  File "/mnt/batch/tasks/shared/LS_root/mounts/clusters/morgenpronk1/code/Users/MorgenPronk/PID_scrape_project/venv/lib/python3.10/site-packages/pymupdf/__init__.py", line 2957, in __init__
    raise FileNotFoundError(f"no such file: '{filename}'")
pymupdf.FileNotFoundError: no such file: './docs/PID-150_06 Sodium Methoxide Tank TS-5206 20240502.pdf/PID-997_07 Tank Farm B and C Steam and Condensate.pdf'


Error processing file PID-997_07 Tank Farm B and C Steam and Condensate.pdf: 
Traceback (most recent call last):
  File "/mnt/batch/tasks/shared/LS_root/mounts/clusters/morgenpronk1/code/Users/MorgenPronk/PID_scrape_project/pid_scrape_script.py", line 114, in loop_files
    doc_content = pid_scrape(pid_file_path)
  File "/mnt/batch/tasks/shared/LS_root/mounts/clusters/morgenpronk1/code/Users/MorgenPronk/PID_scrape_project/pid_scrape_script.py", line 84, in pid_scrape
    pid_content = fitz.open(file_path)
  File "/mnt/batch/tasks/shared/LS_root/mounts/clusters/morgenpronk1/code/Users/MorgenPronk/PID_scrape_project/venv/lib/python3.10/site-packages/pymupdf/__init__.py", line 2957, in __init__
    raise FileNotFoundError(f"no such file: '{filename}'")
pymupdf.FileNotFoundError: no such file: './docs/PID-155_06 HCl Tank 5303 20240409.pdf/PID-997_07 Tank Farm B and C Steam and Condensate.pdf'


Error processing file PID-997_07 Tank Farm B and C Steam and Condensate.pdf: 
Traceback (most recent call last):
  File "/mnt/batch/tasks/shared/LS_root/mounts/clusters/morgenpronk1/code/Users/MorgenPronk/PID_scrape_project/pid_scrape_script.py", line 114, in loop_files
    doc_content = pid_scrape(pid_file_path)
  File "/mnt/batch/tasks/shared/LS_root/mounts/clusters/morgenpronk1/code/Users/MorgenPronk/PID_scrape_project/pid_scrape_script.py", line 84, in pid_scrape
    pid_content = fitz.open(file_path)
  File "/mnt/batch/tasks/shared/LS_root/mounts/clusters/morgenpronk1/code/Users/MorgenPronk/PID_scrape_project/venv/lib/python3.10/site-packages/pymupdf/__init__.py", line 2957, in __init__
    raise FileNotFoundError(f"no such file: '{filename}'")
pymupdf.FileNotFoundError: no such file: './docs/PID-160_06 Caustic Tank 5305 20230613.pdf/PID-997_07 Tank Farm B and C Steam and Condensate.pdf'


Error processing file PID-997_07 Tank Farm B and C Steam and Condensate.pdf: 
Traceback (most recent call last):
  File "/mnt/batch/tasks/shared/LS_root/mounts/clusters/morgenpronk1/code/Users/MorgenPronk/PID_scrape_project/pid_scrape_script.py", line 114, in loop_files
    doc_content = pid_scrape(pid_file_path)
  File "/mnt/batch/tasks/shared/LS_root/mounts/clusters/morgenpronk1/code/Users/MorgenPronk/PID_scrape_project/pid_scrape_script.py", line 84, in pid_scrape
    pid_content = fitz.open(file_path)
  File "/mnt/batch/tasks/shared/LS_root/mounts/clusters/morgenpronk1/code/Users/MorgenPronk/PID_scrape_project/venv/lib/python3.10/site-packages/pymupdf/__init__.py", line 2957, in __init__
    raise FileNotFoundError(f"no such file: '{filename}'")
pymupdf.FileNotFoundError: no such file: './docs/PID-165_05 Citric Acid Tank 5401 and Pump.pdf/PID-997_07 Tank Farm B and C Steam and Condensate.pdf'


Error processing file PID-997_07 Tank Farm B and C Steam and Condensate.pdf: 
Traceback (most recent call last):
  File "/mnt/batch/tasks/shared/LS_root/mounts/clusters/morgenpronk1/code/Users/MorgenPronk/PID_scrape_project/pid_scrape_script.py", line 114, in loop_files
    doc_content = pid_scrape(pid_file_path)
  File "/mnt/batch/tasks/shared/LS_root/mounts/clusters/morgenpronk1/code/Users/MorgenPronk/PID_scrape_project/pid_scrape_script.py", line 84, in pid_scrape
    pid_content = fitz.open(file_path)
  File "/mnt/batch/tasks/shared/LS_root/mounts/clusters/morgenpronk1/code/Users/MorgenPronk/PID_scrape_project/venv/lib/python3.10/site-packages/pymupdf/__init__.py", line 2957, in __init__
    raise FileNotFoundError(f"no such file: '{filename}'")
pymupdf.FileNotFoundError: no such file: './docs/PID-170_03 Phosphoric Acid Tank 1134.pdf/PID-997_07 Tank Farm B and C Steam and Condensate.pdf'


Error processing file PID-997_07 Tank Farm B and C Steam and Condensate.pdf: 
Traceback (most recent call last):
  File "/mnt/batch/tasks/shared/LS_root/mounts/clusters/morgenpronk1/code/Users/MorgenPronk/PID_scrape_project/pid_scrape_script.py", line 114, in loop_files
    doc_content = pid_scrape(pid_file_path)
  File "/mnt/batch/tasks/shared/LS_root/mounts/clusters/morgenpronk1/code/Users/MorgenPronk/PID_scrape_project/pid_scrape_script.py", line 84, in pid_scrape
    pid_content = fitz.open(file_path)
  File "/mnt/batch/tasks/shared/LS_root/mounts/clusters/morgenpronk1/code/Users/MorgenPronk/PID_scrape_project/venv/lib/python3.10/site-packages/pymupdf/__init__.py", line 2957, in __init__
    raise FileNotFoundError(f"no such file: '{filename}'")
pymupdf.FileNotFoundError: no such file: './docs/PID-175_08 Diesel Tank 804 and PMP841.pdf/PID-997_07 Tank Farm B and C Steam and Condensate.pdf'


Error processing file PID-997_07 Tank Farm B and C Steam and Condensate.pdf: 
Traceback (most recent call last):
  File "/mnt/batch/tasks/shared/LS_root/mounts/clusters/morgenpronk1/code/Users/MorgenPronk/PID_scrape_project/pid_scrape_script.py", line 114, in loop_files
    doc_content = pid_scrape(pid_file_path)
  File "/mnt/batch/tasks/shared/LS_root/mounts/clusters/morgenpronk1/code/Users/MorgenPronk/PID_scrape_project/pid_scrape_script.py", line 84, in pid_scrape
    pid_content = fitz.open(file_path)
  File "/mnt/batch/tasks/shared/LS_root/mounts/clusters/morgenpronk1/code/Users/MorgenPronk/PID_scrape_project/venv/lib/python3.10/site-packages/pymupdf/__init__.py", line 2957, in __init__
    raise FileNotFoundError(f"no such file: '{filename}'")
pymupdf.FileNotFoundError: no such file: './docs/PID-200_10 B100 Shift Tanks 20230407.pdf/PID-997_07 Tank Farm B and C Steam and Condensate.pdf'


Error processing file PID-997_07 Tank Farm B and C Steam and Condensate.pdf: 
Traceback (most recent call last):
  File "/mnt/batch/tasks/shared/LS_root/mounts/clusters/morgenpronk1/code/Users/MorgenPronk/PID_scrape_project/pid_scrape_script.py", line 114, in loop_files
    doc_content = pid_scrape(pid_file_path)
  File "/mnt/batch/tasks/shared/LS_root/mounts/clusters/morgenpronk1/code/Users/MorgenPronk/PID_scrape_project/pid_scrape_script.py", line 84, in pid_scrape
    pid_content = fitz.open(file_path)
  File "/mnt/batch/tasks/shared/LS_root/mounts/clusters/morgenpronk1/code/Users/MorgenPronk/PID_scrape_project/venv/lib/python3.10/site-packages/pymupdf/__init__.py", line 2957, in __init__
    raise FileNotFoundError(f"no such file: '{filename}'")
pymupdf.FileNotFoundError: no such file: './docs/PID-205_06 Biodiesel Tank 803.pdf/PID-997_07 Tank Farm B and C Steam and Condensate.pdf'


Error processing file PID-997_07 Tank Farm B and C Steam and Condensate.pdf: 
Traceback (most recent call last):
  File "/mnt/batch/tasks/shared/LS_root/mounts/clusters/morgenpronk1/code/Users/MorgenPronk/PID_scrape_project/pid_scrape_script.py", line 114, in loop_files
    doc_content = pid_scrape(pid_file_path)
  File "/mnt/batch/tasks/shared/LS_root/mounts/clusters/morgenpronk1/code/Users/MorgenPronk/PID_scrape_project/pid_scrape_script.py", line 84, in pid_scrape
    pid_content = fitz.open(file_path)
  File "/mnt/batch/tasks/shared/LS_root/mounts/clusters/morgenpronk1/code/Users/MorgenPronk/PID_scrape_project/venv/lib/python3.10/site-packages/pymupdf/__init__.py", line 2957, in __init__
    raise FileNotFoundError(f"no such file: '{filename}'")
pymupdf.FileNotFoundError: no such file: './docs/PID-210_07 Biodiesel Tank 5701 20230613.pdf/PID-997_07 Tank Farm B and C Steam and Condensate.pdf'


Error processing file PID-997_07 Tank Farm B and C Steam and Condensate.pdf: 
Traceback (most recent call last):
  File "/mnt/batch/tasks/shared/LS_root/mounts/clusters/morgenpronk1/code/Users/MorgenPronk/PID_scrape_project/pid_scrape_script.py", line 114, in loop_files
    doc_content = pid_scrape(pid_file_path)
  File "/mnt/batch/tasks/shared/LS_root/mounts/clusters/morgenpronk1/code/Users/MorgenPronk/PID_scrape_project/pid_scrape_script.py", line 84, in pid_scrape
    pid_content = fitz.open(file_path)
  File "/mnt/batch/tasks/shared/LS_root/mounts/clusters/morgenpronk1/code/Users/MorgenPronk/PID_scrape_project/venv/lib/python3.10/site-packages/pymupdf/__init__.py", line 2957, in __init__
    raise FileNotFoundError(f"no such file: '{filename}'")
pymupdf.FileNotFoundError: no such file: './docs/PID-215_06 Biodiesel Tank 5702 20230613.pdf/PID-997_07 Tank Farm B and C Steam and Condensate.pdf'


Error processing file PID-997_07 Tank Farm B and C Steam and Condensate.pdf: 
Traceback (most recent call last):
  File "/mnt/batch/tasks/shared/LS_root/mounts/clusters/morgenpronk1/code/Users/MorgenPronk/PID_scrape_project/pid_scrape_script.py", line 114, in loop_files
    doc_content = pid_scrape(pid_file_path)
  File "/mnt/batch/tasks/shared/LS_root/mounts/clusters/morgenpronk1/code/Users/MorgenPronk/PID_scrape_project/pid_scrape_script.py", line 84, in pid_scrape
    pid_content = fitz.open(file_path)
  File "/mnt/batch/tasks/shared/LS_root/mounts/clusters/morgenpronk1/code/Users/MorgenPronk/PID_scrape_project/venv/lib/python3.10/site-packages/pymupdf/__init__.py", line 2957, in __init__
    raise FileNotFoundError(f"no such file: '{filename}'")
pymupdf.FileNotFoundError: no such file: './docs/PID-216_04 Tank 8 20230419.pdf/PID-997_07 Tank Farm B and C Steam and Condensate.pdf'


Error processing file PID-997_07 Tank Farm B and C Steam and Condensate.pdf: 
Traceback (most recent call last):
  File "/mnt/batch/tasks/shared/LS_root/mounts/clusters/morgenpronk1/code/Users/MorgenPronk/PID_scrape_project/pid_scrape_script.py", line 114, in loop_files
    doc_content = pid_scrape(pid_file_path)
  File "/mnt/batch/tasks/shared/LS_root/mounts/clusters/morgenpronk1/code/Users/MorgenPronk/PID_scrape_project/pid_scrape_script.py", line 84, in pid_scrape
    pid_content = fitz.open(file_path)
  File "/mnt/batch/tasks/shared/LS_root/mounts/clusters/morgenpronk1/code/Users/MorgenPronk/PID_scrape_project/venv/lib/python3.10/site-packages/pymupdf/__init__.py", line 2957, in __init__
    raise FileNotFoundError(f"no such file: '{filename}'")
pymupdf.FileNotFoundError: no such file: './docs/PID-217_09 Biodiesel Tank 9 20230419.pdf/PID-997_07 Tank Farm B and C Steam and Condensate.pdf'


Error processing file PID-997_07 Tank Farm B and C Steam and Condensate.pdf: 
Traceback (most recent call last):
  File "/mnt/batch/tasks/shared/LS_root/mounts/clusters/morgenpronk1/code/Users/MorgenPronk/PID_scrape_project/pid_scrape_script.py", line 114, in loop_files
    doc_content = pid_scrape(pid_file_path)
  File "/mnt/batch/tasks/shared/LS_root/mounts/clusters/morgenpronk1/code/Users/MorgenPronk/PID_scrape_project/pid_scrape_script.py", line 84, in pid_scrape
    pid_content = fitz.open(file_path)
  File "/mnt/batch/tasks/shared/LS_root/mounts/clusters/morgenpronk1/code/Users/MorgenPronk/PID_scrape_project/venv/lib/python3.10/site-packages/pymupdf/__init__.py", line 2957, in __init__
    raise FileNotFoundError(f"no such file: '{filename}'")
pymupdf.FileNotFoundError: no such file: './docs/PID-218_07 Biodiesel Tank 10.pdf/PID-997_07 Tank Farm B and C Steam and Condensate.pdf'


Error processing file PID-997_07 Tank Farm B and C Steam and Condensate.pdf: 
Traceback (most recent call last):
  File "/mnt/batch/tasks/shared/LS_root/mounts/clusters/morgenpronk1/code/Users/MorgenPronk/PID_scrape_project/pid_scrape_script.py", line 114, in loop_files
    doc_content = pid_scrape(pid_file_path)
  File "/mnt/batch/tasks/shared/LS_root/mounts/clusters/morgenpronk1/code/Users/MorgenPronk/PID_scrape_project/pid_scrape_script.py", line 84, in pid_scrape
    pid_content = fitz.open(file_path)
  File "/mnt/batch/tasks/shared/LS_root/mounts/clusters/morgenpronk1/code/Users/MorgenPronk/PID_scrape_project/venv/lib/python3.10/site-packages/pymupdf/__init__.py", line 2957, in __init__
    raise FileNotFoundError(f"no such file: '{filename}'")
pymupdf.FileNotFoundError: no such file: './docs/PID-219_08 Biodiesel Tank 11.pdf/PID-997_07 Tank Farm B and C Steam and Condensate.pdf'


Error processing file PID-997_07 Tank Farm B and C Steam and Condensate.pdf: 
Traceback (most recent call last):
  File "/mnt/batch/tasks/shared/LS_root/mounts/clusters/morgenpronk1/code/Users/MorgenPronk/PID_scrape_project/pid_scrape_script.py", line 114, in loop_files
    doc_content = pid_scrape(pid_file_path)
  File "/mnt/batch/tasks/shared/LS_root/mounts/clusters/morgenpronk1/code/Users/MorgenPronk/PID_scrape_project/pid_scrape_script.py", line 84, in pid_scrape
    pid_content = fitz.open(file_path)
  File "/mnt/batch/tasks/shared/LS_root/mounts/clusters/morgenpronk1/code/Users/MorgenPronk/PID_scrape_project/venv/lib/python3.10/site-packages/pymupdf/__init__.py", line 2957, in __init__
    raise FileNotFoundError(f"no such file: '{filename}'")
pymupdf.FileNotFoundError: no such file: './docs/PID-220_04 Biodiesel Loadout Filters North.pdf/PID-997_07 Tank Farm B and C Steam and Condensate.pdf'


Error processing file PID-997_07 Tank Farm B and C Steam and Condensate.pdf: 
Traceback (most recent call last):
  File "/mnt/batch/tasks/shared/LS_root/mounts/clusters/morgenpronk1/code/Users/MorgenPronk/PID_scrape_project/pid_scrape_script.py", line 114, in loop_files
    doc_content = pid_scrape(pid_file_path)
  File "/mnt/batch/tasks/shared/LS_root/mounts/clusters/morgenpronk1/code/Users/MorgenPronk/PID_scrape_project/pid_scrape_script.py", line 84, in pid_scrape
    pid_content = fitz.open(file_path)
  File "/mnt/batch/tasks/shared/LS_root/mounts/clusters/morgenpronk1/code/Users/MorgenPronk/PID_scrape_project/venv/lib/python3.10/site-packages/pymupdf/__init__.py", line 2957, in __init__
    raise FileNotFoundError(f"no such file: '{filename}'")
pymupdf.FileNotFoundError: no such file: './docs/PID-222_11 South Biodiesel Loadout Filters.pdf/PID-997_07 Tank Farm B and C Steam and Condensate.pdf'


Error processing file PID-997_07 Tank Farm B and C Steam and Condensate.pdf: 
Traceback (most recent call last):
  File "/mnt/batch/tasks/shared/LS_root/mounts/clusters/morgenpronk1/code/Users/MorgenPronk/PID_scrape_project/pid_scrape_script.py", line 114, in loop_files
    doc_content = pid_scrape(pid_file_path)
  File "/mnt/batch/tasks/shared/LS_root/mounts/clusters/morgenpronk1/code/Users/MorgenPronk/PID_scrape_project/pid_scrape_script.py", line 84, in pid_scrape
    pid_content = fitz.open(file_path)
  File "/mnt/batch/tasks/shared/LS_root/mounts/clusters/morgenpronk1/code/Users/MorgenPronk/PID_scrape_project/venv/lib/python3.10/site-packages/pymupdf/__init__.py", line 2957, in __init__
    raise FileNotFoundError(f"no such file: '{filename}'")
pymupdf.FileNotFoundError: no such file: './docs/PID-223_08 South Loadout Diesel Tank 9004 and Drain Tank 9006.pdf/PID-997_07 Tank Farm B and C Steam and Condensate.pdf'


Error processing file PID-997_07 Tank Farm B and C Steam and Condensate.pdf: 
Traceback (most recent call last):
  File "/mnt/batch/tasks/shared/LS_root/mounts/clusters/morgenpronk1/code/Users/MorgenPronk/PID_scrape_project/pid_scrape_script.py", line 114, in loop_files
    doc_content = pid_scrape(pid_file_path)
  File "/mnt/batch/tasks/shared/LS_root/mounts/clusters/morgenpronk1/code/Users/MorgenPronk/PID_scrape_project/pid_scrape_script.py", line 84, in pid_scrape
    pid_content = fitz.open(file_path)
  File "/mnt/batch/tasks/shared/LS_root/mounts/clusters/morgenpronk1/code/Users/MorgenPronk/PID_scrape_project/venv/lib/python3.10/site-packages/pymupdf/__init__.py", line 2957, in __init__
    raise FileNotFoundError(f"no such file: '{filename}'")
pymupdf.FileNotFoundError: no such file: './docs/PID-233_10 B100 T-5706 Distillation Feed Tank.pdf/PID-997_07 Tank Farm B and C Steam and Condensate.pdf'


Error processing file PID-997_07 Tank Farm B and C Steam and Condensate.pdf: 
Traceback (most recent call last):
  File "/mnt/batch/tasks/shared/LS_root/mounts/clusters/morgenpronk1/code/Users/MorgenPronk/PID_scrape_project/pid_scrape_script.py", line 114, in loop_files
    doc_content = pid_scrape(pid_file_path)
  File "/mnt/batch/tasks/shared/LS_root/mounts/clusters/morgenpronk1/code/Users/MorgenPronk/PID_scrape_project/pid_scrape_script.py", line 84, in pid_scrape
    pid_content = fitz.open(file_path)
  File "/mnt/batch/tasks/shared/LS_root/mounts/clusters/morgenpronk1/code/Users/MorgenPronk/PID_scrape_project/venv/lib/python3.10/site-packages/pymupdf/__init__.py", line 2957, in __init__
    raise FileNotFoundError(f"no such file: '{filename}'")
pymupdf.FileNotFoundError: no such file: './docs/PID-234_08 T-5101 Distillation Feed Tank.pdf/PID-997_07 Tank Farm B and C Steam and Condensate.pdf'


Error processing file PID-997_07 Tank Farm B and C Steam and Condensate.pdf: 
Traceback (most recent call last):
  File "/mnt/batch/tasks/shared/LS_root/mounts/clusters/morgenpronk1/code/Users/MorgenPronk/PID_scrape_project/pid_scrape_script.py", line 114, in loop_files
    doc_content = pid_scrape(pid_file_path)
  File "/mnt/batch/tasks/shared/LS_root/mounts/clusters/morgenpronk1/code/Users/MorgenPronk/PID_scrape_project/pid_scrape_script.py", line 84, in pid_scrape
    pid_content = fitz.open(file_path)
  File "/mnt/batch/tasks/shared/LS_root/mounts/clusters/morgenpronk1/code/Users/MorgenPronk/PID_scrape_project/venv/lib/python3.10/site-packages/pymupdf/__init__.py", line 2957, in __init__
    raise FileNotFoundError(f"no such file: '{filename}'")
pymupdf.FileNotFoundError: no such file: './docs/PID-235_03 Rail Biodiesel and Glycerin Loading.pdf/PID-997_07 Tank Farm B and C Steam and Condensate.pdf'


Error processing file PID-997_07 Tank Farm B and C Steam and Condensate.pdf: 
Traceback (most recent call last):
  File "/mnt/batch/tasks/shared/LS_root/mounts/clusters/morgenpronk1/code/Users/MorgenPronk/PID_scrape_project/pid_scrape_script.py", line 114, in loop_files
    doc_content = pid_scrape(pid_file_path)
  File "/mnt/batch/tasks/shared/LS_root/mounts/clusters/morgenpronk1/code/Users/MorgenPronk/PID_scrape_project/pid_scrape_script.py", line 84, in pid_scrape
    pid_content = fitz.open(file_path)
  File "/mnt/batch/tasks/shared/LS_root/mounts/clusters/morgenpronk1/code/Users/MorgenPronk/PID_scrape_project/venv/lib/python3.10/site-packages/pymupdf/__init__.py", line 2957, in __init__
    raise FileNotFoundError(f"no such file: '{filename}'")
pymupdf.FileNotFoundError: no such file: './docs/PID-240_08 Truck Loadout North Lanes 1 and 2.pdf/PID-997_07 Tank Farm B and C Steam and Condensate.pdf'


Error processing file PID-997_07 Tank Farm B and C Steam and Condensate.pdf: 
Traceback (most recent call last):
  File "/mnt/batch/tasks/shared/LS_root/mounts/clusters/morgenpronk1/code/Users/MorgenPronk/PID_scrape_project/pid_scrape_script.py", line 114, in loop_files
    doc_content = pid_scrape(pid_file_path)
  File "/mnt/batch/tasks/shared/LS_root/mounts/clusters/morgenpronk1/code/Users/MorgenPronk/PID_scrape_project/pid_scrape_script.py", line 84, in pid_scrape
    pid_content = fitz.open(file_path)
  File "/mnt/batch/tasks/shared/LS_root/mounts/clusters/morgenpronk1/code/Users/MorgenPronk/PID_scrape_project/venv/lib/python3.10/site-packages/pymupdf/__init__.py", line 2957, in __init__
    raise FileNotFoundError(f"no such file: '{filename}'")
pymupdf.FileNotFoundError: no such file: './docs/PID-245_09 South Loadout Truck Lanes and B100 Unload Pump.pdf/PID-997_07 Tank Farm B and C Steam and Condensate.pdf'


Error processing file PID-997_07 Tank Farm B and C Steam and Condensate.pdf: 
Traceback (most recent call last):
  File "/mnt/batch/tasks/shared/LS_root/mounts/clusters/morgenpronk1/code/Users/MorgenPronk/PID_scrape_project/pid_scrape_script.py", line 114, in loop_files
    doc_content = pid_scrape(pid_file_path)
  File "/mnt/batch/tasks/shared/LS_root/mounts/clusters/morgenpronk1/code/Users/MorgenPronk/PID_scrape_project/pid_scrape_script.py", line 84, in pid_scrape
    pid_content = fitz.open(file_path)
  File "/mnt/batch/tasks/shared/LS_root/mounts/clusters/morgenpronk1/code/Users/MorgenPronk/PID_scrape_project/venv/lib/python3.10/site-packages/pymupdf/__init__.py", line 2957, in __init__
    raise FileNotFoundError(f"no such file: '{filename}'")
pymupdf.FileNotFoundError: no such file: './docs/PID-250_10 FFA Storage Tank 5801.pdf/PID-997_07 Tank Farm B and C Steam and Condensate.pdf'


Error processing file PID-997_07 Tank Farm B and C Steam and Condensate.pdf: 
Traceback (most recent call last):
  File "/mnt/batch/tasks/shared/LS_root/mounts/clusters/morgenpronk1/code/Users/MorgenPronk/PID_scrape_project/pid_scrape_script.py", line 114, in loop_files
    doc_content = pid_scrape(pid_file_path)
  File "/mnt/batch/tasks/shared/LS_root/mounts/clusters/morgenpronk1/code/Users/MorgenPronk/PID_scrape_project/pid_scrape_script.py", line 84, in pid_scrape
    pid_content = fitz.open(file_path)
  File "/mnt/batch/tasks/shared/LS_root/mounts/clusters/morgenpronk1/code/Users/MorgenPronk/PID_scrape_project/venv/lib/python3.10/site-packages/pymupdf/__init__.py", line 2957, in __init__
    raise FileNotFoundError(f"no such file: '{filename}'")
pymupdf.FileNotFoundError: no such file: './docs/PID-260_11 High Sulfur Tank 5803.pdf/PID-997_07 Tank Farm B and C Steam and Condensate.pdf'


Error processing file PID-997_07 Tank Farm B and C Steam and Condensate.pdf: 
Traceback (most recent call last):
  File "/mnt/batch/tasks/shared/LS_root/mounts/clusters/morgenpronk1/code/Users/MorgenPronk/PID_scrape_project/pid_scrape_script.py", line 114, in loop_files
    doc_content = pid_scrape(pid_file_path)
  File "/mnt/batch/tasks/shared/LS_root/mounts/clusters/morgenpronk1/code/Users/MorgenPronk/PID_scrape_project/pid_scrape_script.py", line 84, in pid_scrape
    pid_content = fitz.open(file_path)
  File "/mnt/batch/tasks/shared/LS_root/mounts/clusters/morgenpronk1/code/Users/MorgenPronk/PID_scrape_project/venv/lib/python3.10/site-packages/pymupdf/__init__.py", line 2957, in __init__
    raise FileNotFoundError(f"no such file: '{filename}'")
pymupdf.FileNotFoundError: no such file: './docs/PID-261_08 Washwater Tank 5804.pdf/PID-997_07 Tank Farm B and C Steam and Condensate.pdf'


Error processing file PID-997_07 Tank Farm B and C Steam and Condensate.pdf: 
Traceback (most recent call last):
  File "/mnt/batch/tasks/shared/LS_root/mounts/clusters/morgenpronk1/code/Users/MorgenPronk/PID_scrape_project/pid_scrape_script.py", line 114, in loop_files
    doc_content = pid_scrape(pid_file_path)
  File "/mnt/batch/tasks/shared/LS_root/mounts/clusters/morgenpronk1/code/Users/MorgenPronk/PID_scrape_project/pid_scrape_script.py", line 84, in pid_scrape
    pid_content = fitz.open(file_path)
  File "/mnt/batch/tasks/shared/LS_root/mounts/clusters/morgenpronk1/code/Users/MorgenPronk/PID_scrape_project/venv/lib/python3.10/site-packages/pymupdf/__init__.py", line 2957, in __init__
    raise FileNotFoundError(f"no such file: '{filename}'")
pymupdf.FileNotFoundError: no such file: './docs/PID-265_04 Glycerin Day Tanks 5603 5604 5605.pdf/PID-997_07 Tank Farm B and C Steam and Condensate.pdf'


Error processing file PID-997_07 Tank Farm B and C Steam and Condensate.pdf: 
Traceback (most recent call last):
  File "/mnt/batch/tasks/shared/LS_root/mounts/clusters/morgenpronk1/code/Users/MorgenPronk/PID_scrape_project/pid_scrape_script.py", line 114, in loop_files
    doc_content = pid_scrape(pid_file_path)
  File "/mnt/batch/tasks/shared/LS_root/mounts/clusters/morgenpronk1/code/Users/MorgenPronk/PID_scrape_project/pid_scrape_script.py", line 84, in pid_scrape
    pid_content = fitz.open(file_path)
  File "/mnt/batch/tasks/shared/LS_root/mounts/clusters/morgenpronk1/code/Users/MorgenPronk/PID_scrape_project/venv/lib/python3.10/site-packages/pymupdf/__init__.py", line 2957, in __init__
    raise FileNotFoundError(f"no such file: '{filename}'")
pymupdf.FileNotFoundError: no such file: './docs/PID-270_06 Glycerin Tank 5601.pdf/PID-997_07 Tank Farm B and C Steam and Condensate.pdf'


Error processing file PID-997_07 Tank Farm B and C Steam and Condensate.pdf: 
Traceback (most recent call last):
  File "/mnt/batch/tasks/shared/LS_root/mounts/clusters/morgenpronk1/code/Users/MorgenPronk/PID_scrape_project/pid_scrape_script.py", line 114, in loop_files
    doc_content = pid_scrape(pid_file_path)
  File "/mnt/batch/tasks/shared/LS_root/mounts/clusters/morgenpronk1/code/Users/MorgenPronk/PID_scrape_project/pid_scrape_script.py", line 84, in pid_scrape
    pid_content = fitz.open(file_path)
  File "/mnt/batch/tasks/shared/LS_root/mounts/clusters/morgenpronk1/code/Users/MorgenPronk/PID_scrape_project/venv/lib/python3.10/site-packages/pymupdf/__init__.py", line 2957, in __init__
    raise FileNotFoundError(f"no such file: '{filename}'")
pymupdf.FileNotFoundError: no such file: './docs/PID-271_010 Glycerin Tank 5602.pdf/PID-997_07 Tank Farm B and C Steam and Condensate.pdf'


Error processing file PID-997_07 Tank Farm B and C Steam and Condensate.pdf: 
Traceback (most recent call last):
  File "/mnt/batch/tasks/shared/LS_root/mounts/clusters/morgenpronk1/code/Users/MorgenPronk/PID_scrape_project/pid_scrape_script.py", line 114, in loop_files
    doc_content = pid_scrape(pid_file_path)
  File "/mnt/batch/tasks/shared/LS_root/mounts/clusters/morgenpronk1/code/Users/MorgenPronk/PID_scrape_project/pid_scrape_script.py", line 84, in pid_scrape
    pid_content = fitz.open(file_path)
  File "/mnt/batch/tasks/shared/LS_root/mounts/clusters/morgenpronk1/code/Users/MorgenPronk/PID_scrape_project/venv/lib/python3.10/site-packages/pymupdf/__init__.py", line 2957, in __init__
    raise FileNotFoundError(f"no such file: '{filename}'")
pymupdf.FileNotFoundError: no such file: './docs/PID-275_06 Glycerin Heat Exchanger 5608.pdf/PID-997_07 Tank Farm B and C Steam and Condensate.pdf'


Error processing file PID-997_07 Tank Farm B and C Steam and Condensate.pdf: 
Traceback (most recent call last):
  File "/mnt/batch/tasks/shared/LS_root/mounts/clusters/morgenpronk1/code/Users/MorgenPronk/PID_scrape_project/pid_scrape_script.py", line 114, in loop_files
    doc_content = pid_scrape(pid_file_path)
  File "/mnt/batch/tasks/shared/LS_root/mounts/clusters/morgenpronk1/code/Users/MorgenPronk/PID_scrape_project/pid_scrape_script.py", line 84, in pid_scrape
    pid_content = fitz.open(file_path)
  File "/mnt/batch/tasks/shared/LS_root/mounts/clusters/morgenpronk1/code/Users/MorgenPronk/PID_scrape_project/venv/lib/python3.10/site-packages/pymupdf/__init__.py", line 2957, in __init__
    raise FileNotFoundError(f"no such file: '{filename}'")
pymupdf.FileNotFoundError: no such file: './docs/PID-280_08 Distillation Bottoms Tank 1150.pdf/PID-997_07 Tank Farm B and C Steam and Condensate.pdf'


Error processing file PID-997_07 Tank Farm B and C Steam and Condensate.pdf: 
Traceback (most recent call last):
  File "/mnt/batch/tasks/shared/LS_root/mounts/clusters/morgenpronk1/code/Users/MorgenPronk/PID_scrape_project/pid_scrape_script.py", line 114, in loop_files
    doc_content = pid_scrape(pid_file_path)
  File "/mnt/batch/tasks/shared/LS_root/mounts/clusters/morgenpronk1/code/Users/MorgenPronk/PID_scrape_project/pid_scrape_script.py", line 84, in pid_scrape
    pid_content = fitz.open(file_path)
  File "/mnt/batch/tasks/shared/LS_root/mounts/clusters/morgenpronk1/code/Users/MorgenPronk/PID_scrape_project/venv/lib/python3.10/site-packages/pymupdf/__init__.py", line 2957, in __init__
    raise FileNotFoundError(f"no such file: '{filename}'")
pymupdf.FileNotFoundError: no such file: './docs/PID-303_06 DE Receving for Cold Filtration.pdf/PID-997_07 Tank Farm B and C Steam and Condensate.pdf'


Error processing file PID-997_07 Tank Farm B and C Steam and Condensate.pdf: 
Traceback (most recent call last):
  File "/mnt/batch/tasks/shared/LS_root/mounts/clusters/morgenpronk1/code/Users/MorgenPronk/PID_scrape_project/pid_scrape_script.py", line 114, in loop_files
    doc_content = pid_scrape(pid_file_path)
  File "/mnt/batch/tasks/shared/LS_root/mounts/clusters/morgenpronk1/code/Users/MorgenPronk/PID_scrape_project/pid_scrape_script.py", line 84, in pid_scrape
    pid_content = fitz.open(file_path)
  File "/mnt/batch/tasks/shared/LS_root/mounts/clusters/morgenpronk1/code/Users/MorgenPronk/PID_scrape_project/venv/lib/python3.10/site-packages/pymupdf/__init__.py", line 2957, in __init__
    raise FileNotFoundError(f"no such file: '{filename}'")
pymupdf.FileNotFoundError: no such file: './docs/PID-304_05 Cold Filtration 20230508.pdf/PID-997_07 Tank Farm B and C Steam and Condensate.pdf'


Error processing file PID-997_07 Tank Farm B and C Steam and Condensate.pdf: 
Traceback (most recent call last):
  File "/mnt/batch/tasks/shared/LS_root/mounts/clusters/morgenpronk1/code/Users/MorgenPronk/PID_scrape_project/pid_scrape_script.py", line 114, in loop_files
    doc_content = pid_scrape(pid_file_path)
  File "/mnt/batch/tasks/shared/LS_root/mounts/clusters/morgenpronk1/code/Users/MorgenPronk/PID_scrape_project/pid_scrape_script.py", line 84, in pid_scrape
    pid_content = fitz.open(file_path)
  File "/mnt/batch/tasks/shared/LS_root/mounts/clusters/morgenpronk1/code/Users/MorgenPronk/PID_scrape_project/venv/lib/python3.10/site-packages/pymupdf/__init__.py", line 2957, in __init__
    raise FileNotFoundError(f"no such file: '{filename}'")
pymupdf.FileNotFoundError: no such file: './docs/PID-307A Biodiesel Storage T-101 & T-102 - T-102 Nozzle Redline.pdf/PID-997_07 Tank Farm B and C Steam and Condensate.pdf'


Error processing file PID-997_07 Tank Farm B and C Steam and Condensate.pdf: 
Traceback (most recent call last):
  File "/mnt/batch/tasks/shared/LS_root/mounts/clusters/morgenpronk1/code/Users/MorgenPronk/PID_scrape_project/pid_scrape_script.py", line 114, in loop_files
    doc_content = pid_scrape(pid_file_path)
  File "/mnt/batch/tasks/shared/LS_root/mounts/clusters/morgenpronk1/code/Users/MorgenPronk/PID_scrape_project/pid_scrape_script.py", line 84, in pid_scrape
    pid_content = fitz.open(file_path)
  File "/mnt/batch/tasks/shared/LS_root/mounts/clusters/morgenpronk1/code/Users/MorgenPronk/PID_scrape_project/venv/lib/python3.10/site-packages/pymupdf/__init__.py", line 2957, in __init__
    raise FileNotFoundError(f"no such file: '{filename}'")
pymupdf.FileNotFoundError: no such file: './docs/PID-319_04 Chiller ME-3501 and Cooling Tower ME-3401.pdf/PID-997_07 Tank Farm B and C Steam and Condensate.pdf'


Error processing file PID-997_07 Tank Farm B and C Steam and Condensate.pdf: 
Traceback (most recent call last):
  File "/mnt/batch/tasks/shared/LS_root/mounts/clusters/morgenpronk1/code/Users/MorgenPronk/PID_scrape_project/pid_scrape_script.py", line 114, in loop_files
    doc_content = pid_scrape(pid_file_path)
  File "/mnt/batch/tasks/shared/LS_root/mounts/clusters/morgenpronk1/code/Users/MorgenPronk/PID_scrape_project/pid_scrape_script.py", line 84, in pid_scrape
    pid_content = fitz.open(file_path)
  File "/mnt/batch/tasks/shared/LS_root/mounts/clusters/morgenpronk1/code/Users/MorgenPronk/PID_scrape_project/venv/lib/python3.10/site-packages/pymupdf/__init__.py", line 2957, in __init__
    raise FileNotFoundError(f"no such file: '{filename}'")
pymupdf.FileNotFoundError: no such file: './docs/PID-321_04 Cooling Water and Chilled Fluid.pdf/PID-997_07 Tank Farm B and C Steam and Condensate.pdf'


Error processing file PID-997_07 Tank Farm B and C Steam and Condensate.pdf: 
Traceback (most recent call last):
  File "/mnt/batch/tasks/shared/LS_root/mounts/clusters/morgenpronk1/code/Users/MorgenPronk/PID_scrape_project/pid_scrape_script.py", line 114, in loop_files
    doc_content = pid_scrape(pid_file_path)
  File "/mnt/batch/tasks/shared/LS_root/mounts/clusters/morgenpronk1/code/Users/MorgenPronk/PID_scrape_project/pid_scrape_script.py", line 84, in pid_scrape
    pid_content = fitz.open(file_path)
  File "/mnt/batch/tasks/shared/LS_root/mounts/clusters/morgenpronk1/code/Users/MorgenPronk/PID_scrape_project/venv/lib/python3.10/site-packages/pymupdf/__init__.py", line 2957, in __init__
    raise FileNotFoundError(f"no such file: '{filename}'")
pymupdf.FileNotFoundError: no such file: './docs/PID-322_08 Softwater Distribution 20230502.pdf/PID-997_07 Tank Farm B and C Steam and Condensate.pdf'


Error processing file PID-997_07 Tank Farm B and C Steam and Condensate.pdf: 
Traceback (most recent call last):
  File "/mnt/batch/tasks/shared/LS_root/mounts/clusters/morgenpronk1/code/Users/MorgenPronk/PID_scrape_project/pid_scrape_script.py", line 114, in loop_files
    doc_content = pid_scrape(pid_file_path)
  File "/mnt/batch/tasks/shared/LS_root/mounts/clusters/morgenpronk1/code/Users/MorgenPronk/PID_scrape_project/pid_scrape_script.py", line 84, in pid_scrape
    pid_content = fitz.open(file_path)
  File "/mnt/batch/tasks/shared/LS_root/mounts/clusters/morgenpronk1/code/Users/MorgenPronk/PID_scrape_project/venv/lib/python3.10/site-packages/pymupdf/__init__.py", line 2957, in __init__
    raise FileNotFoundError(f"no such file: '{filename}'")
pymupdf.FileNotFoundError: no such file: './docs/PID-324 Tank farm steam and condensate.pdf/PID-997_07 Tank Farm B and C Steam and Condensate.pdf'


Error processing file PID-997_07 Tank Farm B and C Steam and Condensate.pdf: 
Traceback (most recent call last):
  File "/mnt/batch/tasks/shared/LS_root/mounts/clusters/morgenpronk1/code/Users/MorgenPronk/PID_scrape_project/pid_scrape_script.py", line 114, in loop_files
    doc_content = pid_scrape(pid_file_path)
  File "/mnt/batch/tasks/shared/LS_root/mounts/clusters/morgenpronk1/code/Users/MorgenPronk/PID_scrape_project/pid_scrape_script.py", line 84, in pid_scrape
    pid_content = fitz.open(file_path)
  File "/mnt/batch/tasks/shared/LS_root/mounts/clusters/morgenpronk1/code/Users/MorgenPronk/PID_scrape_project/venv/lib/python3.10/site-packages/pymupdf/__init__.py", line 2957, in __init__
    raise FileNotFoundError(f"no such file: '{filename}'")
pymupdf.FileNotFoundError: no such file: './docs/PID-325_06 FFA Steam.pdf/PID-997_07 Tank Farm B and C Steam and Condensate.pdf'


Error processing file PID-997_07 Tank Farm B and C Steam and Condensate.pdf: 
Traceback (most recent call last):
  File "/mnt/batch/tasks/shared/LS_root/mounts/clusters/morgenpronk1/code/Users/MorgenPronk/PID_scrape_project/pid_scrape_script.py", line 114, in loop_files
    doc_content = pid_scrape(pid_file_path)
  File "/mnt/batch/tasks/shared/LS_root/mounts/clusters/morgenpronk1/code/Users/MorgenPronk/PID_scrape_project/pid_scrape_script.py", line 84, in pid_scrape
    pid_content = fitz.open(file_path)
  File "/mnt/batch/tasks/shared/LS_root/mounts/clusters/morgenpronk1/code/Users/MorgenPronk/PID_scrape_project/venv/lib/python3.10/site-packages/pymupdf/__init__.py", line 2957, in __init__
    raise FileNotFoundError(f"no such file: '{filename}'")
pymupdf.FileNotFoundError: no such file: './docs/PID-326_04 FFA Steam Unit Heaters & Condensate Pump.pdf/PID-997_07 Tank Farm B and C Steam and Condensate.pdf'


Error processing file PID-997_07 Tank Farm B and C Steam and Condensate.pdf: 
Traceback (most recent call last):
  File "/mnt/batch/tasks/shared/LS_root/mounts/clusters/morgenpronk1/code/Users/MorgenPronk/PID_scrape_project/pid_scrape_script.py", line 114, in loop_files
    doc_content = pid_scrape(pid_file_path)
  File "/mnt/batch/tasks/shared/LS_root/mounts/clusters/morgenpronk1/code/Users/MorgenPronk/PID_scrape_project/pid_scrape_script.py", line 84, in pid_scrape
    pid_content = fitz.open(file_path)
  File "/mnt/batch/tasks/shared/LS_root/mounts/clusters/morgenpronk1/code/Users/MorgenPronk/PID_scrape_project/venv/lib/python3.10/site-packages/pymupdf/__init__.py", line 2957, in __init__
    raise FileNotFoundError(f"no such file: '{filename}'")
pymupdf.FileNotFoundError: no such file: './docs/PID-326_05 FFA Steam Unit Heaters & Condensate Pump.pdf/PID-997_07 Tank Farm B and C Steam and Condensate.pdf'


Error processing file PID-997_07 Tank Farm B and C Steam and Condensate.pdf: 
Traceback (most recent call last):
  File "/mnt/batch/tasks/shared/LS_root/mounts/clusters/morgenpronk1/code/Users/MorgenPronk/PID_scrape_project/pid_scrape_script.py", line 114, in loop_files
    doc_content = pid_scrape(pid_file_path)
  File "/mnt/batch/tasks/shared/LS_root/mounts/clusters/morgenpronk1/code/Users/MorgenPronk/PID_scrape_project/pid_scrape_script.py", line 84, in pid_scrape
    pid_content = fitz.open(file_path)
  File "/mnt/batch/tasks/shared/LS_root/mounts/clusters/morgenpronk1/code/Users/MorgenPronk/PID_scrape_project/venv/lib/python3.10/site-packages/pymupdf/__init__.py", line 2957, in __init__
    raise FileNotFoundError(f"no such file: '{filename}'")
pymupdf.FileNotFoundError: no such file: './docs/PID-328_02 Potable Water Distribution.pdf/PID-997_07 Tank Farm B and C Steam and Condensate.pdf'


Error processing file PID-997_07 Tank Farm B and C Steam and Condensate.pdf: 
Traceback (most recent call last):
  File "/mnt/batch/tasks/shared/LS_root/mounts/clusters/morgenpronk1/code/Users/MorgenPronk/PID_scrape_project/pid_scrape_script.py", line 114, in loop_files
    doc_content = pid_scrape(pid_file_path)
  File "/mnt/batch/tasks/shared/LS_root/mounts/clusters/morgenpronk1/code/Users/MorgenPronk/PID_scrape_project/pid_scrape_script.py", line 84, in pid_scrape
    pid_content = fitz.open(file_path)
  File "/mnt/batch/tasks/shared/LS_root/mounts/clusters/morgenpronk1/code/Users/MorgenPronk/PID_scrape_project/venv/lib/python3.10/site-packages/pymupdf/__init__.py", line 2957, in __init__
    raise FileNotFoundError(f"no such file: '{filename}'")
pymupdf.FileNotFoundError: no such file: './docs/PID-331_04 Waste Water and Skim Pit.pdf/PID-997_07 Tank Farm B and C Steam and Condensate.pdf'


Error processing file PID-997_07 Tank Farm B and C Steam and Condensate.pdf: 
Traceback (most recent call last):
  File "/mnt/batch/tasks/shared/LS_root/mounts/clusters/morgenpronk1/code/Users/MorgenPronk/PID_scrape_project/pid_scrape_script.py", line 114, in loop_files
    doc_content = pid_scrape(pid_file_path)
  File "/mnt/batch/tasks/shared/LS_root/mounts/clusters/morgenpronk1/code/Users/MorgenPronk/PID_scrape_project/pid_scrape_script.py", line 84, in pid_scrape
    pid_content = fitz.open(file_path)
  File "/mnt/batch/tasks/shared/LS_root/mounts/clusters/morgenpronk1/code/Users/MorgenPronk/PID_scrape_project/venv/lib/python3.10/site-packages/pymupdf/__init__.py", line 2957, in __init__
    raise FileNotFoundError(f"no such file: '{filename}'")
pymupdf.FileNotFoundError: no such file: './docs/PID-332_05 Silica - DE Distribution and Dumpster.pdf/PID-997_07 Tank Farm B and C Steam and Condensate.pdf'


Error processing file PID-997_07 Tank Farm B and C Steam and Condensate.pdf: 
Traceback (most recent call last):
  File "/mnt/batch/tasks/shared/LS_root/mounts/clusters/morgenpronk1/code/Users/MorgenPronk/PID_scrape_project/pid_scrape_script.py", line 114, in loop_files
    doc_content = pid_scrape(pid_file_path)
  File "/mnt/batch/tasks/shared/LS_root/mounts/clusters/morgenpronk1/code/Users/MorgenPronk/PID_scrape_project/pid_scrape_script.py", line 84, in pid_scrape
    pid_content = fitz.open(file_path)
  File "/mnt/batch/tasks/shared/LS_root/mounts/clusters/morgenpronk1/code/Users/MorgenPronk/PID_scrape_project/venv/lib/python3.10/site-packages/pymupdf/__init__.py", line 2957, in __init__
    raise FileNotFoundError(f"no such file: '{filename}'")
pymupdf.FileNotFoundError: no such file: './docs/PID-333A_02 Silica Treatment.pdf/PID-997_07 Tank Farm B and C Steam and Condensate.pdf'


Error processing file PID-997_07 Tank Farm B and C Steam and Condensate.pdf: 
Traceback (most recent call last):
  File "/mnt/batch/tasks/shared/LS_root/mounts/clusters/morgenpronk1/code/Users/MorgenPronk/PID_scrape_project/pid_scrape_script.py", line 114, in loop_files
    doc_content = pid_scrape(pid_file_path)
  File "/mnt/batch/tasks/shared/LS_root/mounts/clusters/morgenpronk1/code/Users/MorgenPronk/PID_scrape_project/pid_scrape_script.py", line 84, in pid_scrape
    pid_content = fitz.open(file_path)
  File "/mnt/batch/tasks/shared/LS_root/mounts/clusters/morgenpronk1/code/Users/MorgenPronk/PID_scrape_project/venv/lib/python3.10/site-packages/pymupdf/__init__.py", line 2957, in __init__
    raise FileNotFoundError(f"no such file: '{filename}'")
pymupdf.FileNotFoundError: no such file: './docs/PID-333B_03 SilicaTreatment.pdf/PID-997_07 Tank Farm B and C Steam and Condensate.pdf'


Error processing file PID-997_07 Tank Farm B and C Steam and Condensate.pdf: 
Traceback (most recent call last):
  File "/mnt/batch/tasks/shared/LS_root/mounts/clusters/morgenpronk1/code/Users/MorgenPronk/PID_scrape_project/pid_scrape_script.py", line 114, in loop_files
    doc_content = pid_scrape(pid_file_path)
  File "/mnt/batch/tasks/shared/LS_root/mounts/clusters/morgenpronk1/code/Users/MorgenPronk/PID_scrape_project/pid_scrape_script.py", line 84, in pid_scrape
    pid_content = fitz.open(file_path)
  File "/mnt/batch/tasks/shared/LS_root/mounts/clusters/morgenpronk1/code/Users/MorgenPronk/PID_scrape_project/venv/lib/python3.10/site-packages/pymupdf/__init__.py", line 2957, in __init__
    raise FileNotFoundError(f"no such file: '{filename}'")
pymupdf.FileNotFoundError: no such file: './docs/PID-334_05 Silica Filters.pdf/PID-997_07 Tank Farm B and C Steam and Condensate.pdf'


Error processing file PID-997_07 Tank Farm B and C Steam and Condensate.pdf: 
Traceback (most recent call last):
  File "/mnt/batch/tasks/shared/LS_root/mounts/clusters/morgenpronk1/code/Users/MorgenPronk/PID_scrape_project/pid_scrape_script.py", line 114, in loop_files
    doc_content = pid_scrape(pid_file_path)
  File "/mnt/batch/tasks/shared/LS_root/mounts/clusters/morgenpronk1/code/Users/MorgenPronk/PID_scrape_project/pid_scrape_script.py", line 84, in pid_scrape
    pid_content = fitz.open(file_path)
  File "/mnt/batch/tasks/shared/LS_root/mounts/clusters/morgenpronk1/code/Users/MorgenPronk/PID_scrape_project/venv/lib/python3.10/site-packages/pymupdf/__init__.py", line 2957, in __init__
    raise FileNotFoundError(f"no such file: '{filename}'")
pymupdf.FileNotFoundError: no such file: './docs/PID-336A_03 Feedstock Pretreatment.pdf/PID-997_07 Tank Farm B and C Steam and Condensate.pdf'


Error processing file PID-997_07 Tank Farm B and C Steam and Condensate.pdf: 
Traceback (most recent call last):
  File "/mnt/batch/tasks/shared/LS_root/mounts/clusters/morgenpronk1/code/Users/MorgenPronk/PID_scrape_project/pid_scrape_script.py", line 114, in loop_files
    doc_content = pid_scrape(pid_file_path)
  File "/mnt/batch/tasks/shared/LS_root/mounts/clusters/morgenpronk1/code/Users/MorgenPronk/PID_scrape_project/pid_scrape_script.py", line 84, in pid_scrape
    pid_content = fitz.open(file_path)
  File "/mnt/batch/tasks/shared/LS_root/mounts/clusters/morgenpronk1/code/Users/MorgenPronk/PID_scrape_project/venv/lib/python3.10/site-packages/pymupdf/__init__.py", line 2957, in __init__
    raise FileNotFoundError(f"no such file: '{filename}'")
pymupdf.FileNotFoundError: no such file: './docs/PID-336B_01 Feedstock Pretreatment.pdf/PID-997_07 Tank Farm B and C Steam and Condensate.pdf'


Error processing file PID-997_07 Tank Farm B and C Steam and Condensate.pdf: 
Traceback (most recent call last):
  File "/mnt/batch/tasks/shared/LS_root/mounts/clusters/morgenpronk1/code/Users/MorgenPronk/PID_scrape_project/pid_scrape_script.py", line 114, in loop_files
    doc_content = pid_scrape(pid_file_path)
  File "/mnt/batch/tasks/shared/LS_root/mounts/clusters/morgenpronk1/code/Users/MorgenPronk/PID_scrape_project/pid_scrape_script.py", line 84, in pid_scrape
    pid_content = fitz.open(file_path)
  File "/mnt/batch/tasks/shared/LS_root/mounts/clusters/morgenpronk1/code/Users/MorgenPronk/PID_scrape_project/venv/lib/python3.10/site-packages/pymupdf/__init__.py", line 2957, in __init__
    raise FileNotFoundError(f"no such file: '{filename}'")
pymupdf.FileNotFoundError: no such file: './docs/PID-337_09 Methyl Ester Drying.pdf/PID-997_07 Tank Farm B and C Steam and Condensate.pdf'


Error processing file PID-997_07 Tank Farm B and C Steam and Condensate.pdf: 
Traceback (most recent call last):
  File "/mnt/batch/tasks/shared/LS_root/mounts/clusters/morgenpronk1/code/Users/MorgenPronk/PID_scrape_project/pid_scrape_script.py", line 114, in loop_files
    doc_content = pid_scrape(pid_file_path)
  File "/mnt/batch/tasks/shared/LS_root/mounts/clusters/morgenpronk1/code/Users/MorgenPronk/PID_scrape_project/pid_scrape_script.py", line 84, in pid_scrape
    pid_content = fitz.open(file_path)
  File "/mnt/batch/tasks/shared/LS_root/mounts/clusters/morgenpronk1/code/Users/MorgenPronk/PID_scrape_project/venv/lib/python3.10/site-packages/pymupdf/__init__.py", line 2957, in __init__
    raise FileNotFoundError(f"no such file: '{filename}'")
pymupdf.FileNotFoundError: no such file: './docs/PID-401 Process Building Mechanical HVAC Plan A2.pdf/PID-997_07 Tank Farm B and C Steam and Condensate.pdf'


Error processing file PID-997_07 Tank Farm B and C Steam and Condensate.pdf: 
Traceback (most recent call last):
  File "/mnt/batch/tasks/shared/LS_root/mounts/clusters/morgenpronk1/code/Users/MorgenPronk/PID_scrape_project/pid_scrape_script.py", line 114, in loop_files
    doc_content = pid_scrape(pid_file_path)
  File "/mnt/batch/tasks/shared/LS_root/mounts/clusters/morgenpronk1/code/Users/MorgenPronk/PID_scrape_project/pid_scrape_script.py", line 84, in pid_scrape
    pid_content = fitz.open(file_path)
  File "/mnt/batch/tasks/shared/LS_root/mounts/clusters/morgenpronk1/code/Users/MorgenPronk/PID_scrape_project/venv/lib/python3.10/site-packages/pymupdf/__init__.py", line 2957, in __init__
    raise FileNotFoundError(f"no such file: '{filename}'")
pymupdf.FileNotFoundError: no such file: './docs/PID-440_02 Waste Water Decant B1.pdf/PID-997_07 Tank Farm B and C Steam and Condensate.pdf'


Error processing file PID-997_07 Tank Farm B and C Steam and Condensate.pdf: 
Traceback (most recent call last):
  File "/mnt/batch/tasks/shared/LS_root/mounts/clusters/morgenpronk1/code/Users/MorgenPronk/PID_scrape_project/pid_scrape_script.py", line 114, in loop_files
    doc_content = pid_scrape(pid_file_path)
  File "/mnt/batch/tasks/shared/LS_root/mounts/clusters/morgenpronk1/code/Users/MorgenPronk/PID_scrape_project/pid_scrape_script.py", line 84, in pid_scrape
    pid_content = fitz.open(file_path)
  File "/mnt/batch/tasks/shared/LS_root/mounts/clusters/morgenpronk1/code/Users/MorgenPronk/PID_scrape_project/venv/lib/python3.10/site-packages/pymupdf/__init__.py", line 2957, in __init__
    raise FileNotFoundError(f"no such file: '{filename}'")
pymupdf.FileNotFoundError: no such file: './docs/PID-442_01 Sump Pump Locations.pdf/PID-997_07 Tank Farm B and C Steam and Condensate.pdf'


Error processing file PID-997_07 Tank Farm B and C Steam and Condensate.pdf: 
Traceback (most recent call last):
  File "/mnt/batch/tasks/shared/LS_root/mounts/clusters/morgenpronk1/code/Users/MorgenPronk/PID_scrape_project/pid_scrape_script.py", line 114, in loop_files
    doc_content = pid_scrape(pid_file_path)
  File "/mnt/batch/tasks/shared/LS_root/mounts/clusters/morgenpronk1/code/Users/MorgenPronk/PID_scrape_project/pid_scrape_script.py", line 84, in pid_scrape
    pid_content = fitz.open(file_path)
  File "/mnt/batch/tasks/shared/LS_root/mounts/clusters/morgenpronk1/code/Users/MorgenPronk/PID_scrape_project/venv/lib/python3.10/site-packages/pymupdf/__init__.py", line 2957, in __init__
    raise FileNotFoundError(f"no such file: '{filename}'")
pymupdf.FileNotFoundError: no such file: './docs/PID-511_04 FFA Column Deaerator Heater E-604.pdf/PID-997_07 Tank Farm B and C Steam and Condensate.pdf'


Error processing file PID-997_07 Tank Farm B and C Steam and Condensate.pdf: 
Traceback (most recent call last):
  File "/mnt/batch/tasks/shared/LS_root/mounts/clusters/morgenpronk1/code/Users/MorgenPronk/PID_scrape_project/pid_scrape_script.py", line 114, in loop_files
    doc_content = pid_scrape(pid_file_path)
  File "/mnt/batch/tasks/shared/LS_root/mounts/clusters/morgenpronk1/code/Users/MorgenPronk/PID_scrape_project/pid_scrape_script.py", line 84, in pid_scrape
    pid_content = fitz.open(file_path)
  File "/mnt/batch/tasks/shared/LS_root/mounts/clusters/morgenpronk1/code/Users/MorgenPronk/PID_scrape_project/venv/lib/python3.10/site-packages/pymupdf/__init__.py", line 2957, in __init__
    raise FileNotFoundError(f"no such file: '{filename}'")
pymupdf.FileNotFoundError: no such file: './docs/PID-512_02 Deacidification 20230321 - Copy.pdf/PID-997_07 Tank Farm B and C Steam and Condensate.pdf'


Error processing file PID-997_07 Tank Farm B and C Steam and Condensate.pdf: 
Traceback (most recent call last):
  File "/mnt/batch/tasks/shared/LS_root/mounts/clusters/morgenpronk1/code/Users/MorgenPronk/PID_scrape_project/pid_scrape_script.py", line 114, in loop_files
    doc_content = pid_scrape(pid_file_path)
  File "/mnt/batch/tasks/shared/LS_root/mounts/clusters/morgenpronk1/code/Users/MorgenPronk/PID_scrape_project/pid_scrape_script.py", line 84, in pid_scrape
    pid_content = fitz.open(file_path)
  File "/mnt/batch/tasks/shared/LS_root/mounts/clusters/morgenpronk1/code/Users/MorgenPronk/PID_scrape_project/venv/lib/python3.10/site-packages/pymupdf/__init__.py", line 2957, in __init__
    raise FileNotFoundError(f"no such file: '{filename}'")
pymupdf.FileNotFoundError: no such file: './docs/PID-513_06 Pretreatment Barometric Cooler System.pdf/PID-997_07 Tank Farm B and C Steam and Condensate.pdf'


Error processing file PID-997_07 Tank Farm B and C Steam and Condensate.pdf: 
Traceback (most recent call last):
  File "/mnt/batch/tasks/shared/LS_root/mounts/clusters/morgenpronk1/code/Users/MorgenPronk/PID_scrape_project/pid_scrape_script.py", line 114, in loop_files
    doc_content = pid_scrape(pid_file_path)
  File "/mnt/batch/tasks/shared/LS_root/mounts/clusters/morgenpronk1/code/Users/MorgenPronk/PID_scrape_project/pid_scrape_script.py", line 84, in pid_scrape
    pid_content = fitz.open(file_path)
  File "/mnt/batch/tasks/shared/LS_root/mounts/clusters/morgenpronk1/code/Users/MorgenPronk/PID_scrape_project/venv/lib/python3.10/site-packages/pymupdf/__init__.py", line 2957, in __init__
    raise FileNotFoundError(f"no such file: '{filename}'")
pymupdf.FileNotFoundError: no such file: './docs/PID-514 _04 Steam and condensate distribution B1.pdf/PID-997_07 Tank Farm B and C Steam and Condensate.pdf'


Error processing file PID-997_07 Tank Farm B and C Steam and Condensate.pdf: 
Traceback (most recent call last):
  File "/mnt/batch/tasks/shared/LS_root/mounts/clusters/morgenpronk1/code/Users/MorgenPronk/PID_scrape_project/pid_scrape_script.py", line 114, in loop_files
    doc_content = pid_scrape(pid_file_path)
  File "/mnt/batch/tasks/shared/LS_root/mounts/clusters/morgenpronk1/code/Users/MorgenPronk/PID_scrape_project/pid_scrape_script.py", line 84, in pid_scrape
    pid_content = fitz.open(file_path)
  File "/mnt/batch/tasks/shared/LS_root/mounts/clusters/morgenpronk1/code/Users/MorgenPronk/PID_scrape_project/venv/lib/python3.10/site-packages/pymupdf/__init__.py", line 2957, in __init__
    raise FileNotFoundError(f"no such file: '{filename}'")
pymupdf.FileNotFoundError: no such file: './docs/PID-702_12 Methyl Ester Distillation Page 1_ C2 and C3.pdf/PID-997_07 Tank Farm B and C Steam and Condensate.pdf'


Error processing file PID-997_07 Tank Farm B and C Steam and Condensate.pdf: 
Traceback (most recent call last):
  File "/mnt/batch/tasks/shared/LS_root/mounts/clusters/morgenpronk1/code/Users/MorgenPronk/PID_scrape_project/pid_scrape_script.py", line 114, in loop_files
    doc_content = pid_scrape(pid_file_path)
  File "/mnt/batch/tasks/shared/LS_root/mounts/clusters/morgenpronk1/code/Users/MorgenPronk/PID_scrape_project/pid_scrape_script.py", line 84, in pid_scrape
    pid_content = fitz.open(file_path)
  File "/mnt/batch/tasks/shared/LS_root/mounts/clusters/morgenpronk1/code/Users/MorgenPronk/PID_scrape_project/venv/lib/python3.10/site-packages/pymupdf/__init__.py", line 2957, in __init__
    raise FileNotFoundError(f"no such file: '{filename}'")
pymupdf.FileNotFoundError: no such file: './docs/PID-703_14 Methyl Ester Distillation Page 2_ C1 and V40and41.pdf/PID-997_07 Tank Farm B and C Steam and Condensate.pdf'


Error processing file PID-997_07 Tank Farm B and C Steam and Condensate.pdf: 
Traceback (most recent call last):
  File "/mnt/batch/tasks/shared/LS_root/mounts/clusters/morgenpronk1/code/Users/MorgenPronk/PID_scrape_project/pid_scrape_script.py", line 114, in loop_files
    doc_content = pid_scrape(pid_file_path)
  File "/mnt/batch/tasks/shared/LS_root/mounts/clusters/morgenpronk1/code/Users/MorgenPronk/PID_scrape_project/pid_scrape_script.py", line 84, in pid_scrape
    pid_content = fitz.open(file_path)
  File "/mnt/batch/tasks/shared/LS_root/mounts/clusters/morgenpronk1/code/Users/MorgenPronk/PID_scrape_project/venv/lib/python3.10/site-packages/pymupdf/__init__.py", line 2957, in __init__
    raise FileNotFoundError(f"no such file: '{filename}'")
pymupdf.FileNotFoundError: no such file: './docs/PID-704_17 Methyl Ester Distillation Page 3_C4.pdf/PID-997_07 Tank Farm B and C Steam and Condensate.pdf'


Error processing file PID-997_07 Tank Farm B and C Steam and Condensate.pdf: 
Traceback (most recent call last):
  File "/mnt/batch/tasks/shared/LS_root/mounts/clusters/morgenpronk1/code/Users/MorgenPronk/PID_scrape_project/pid_scrape_script.py", line 114, in loop_files
    doc_content = pid_scrape(pid_file_path)
  File "/mnt/batch/tasks/shared/LS_root/mounts/clusters/morgenpronk1/code/Users/MorgenPronk/PID_scrape_project/pid_scrape_script.py", line 84, in pid_scrape
    pid_content = fitz.open(file_path)
  File "/mnt/batch/tasks/shared/LS_root/mounts/clusters/morgenpronk1/code/Users/MorgenPronk/PID_scrape_project/venv/lib/python3.10/site-packages/pymupdf/__init__.py", line 2957, in __init__
    raise FileNotFoundError(f"no such file: '{filename}'")
pymupdf.FileNotFoundError: no such file: './docs/PID-705_14 Methyl Ester Distillation Page 4_ Vacuum system.pdf/PID-997_07 Tank Farm B and C Steam and Condensate.pdf'


Error processing file PID-997_07 Tank Farm B and C Steam and Condensate.pdf: 
Traceback (most recent call last):
  File "/mnt/batch/tasks/shared/LS_root/mounts/clusters/morgenpronk1/code/Users/MorgenPronk/PID_scrape_project/pid_scrape_script.py", line 114, in loop_files
    doc_content = pid_scrape(pid_file_path)
  File "/mnt/batch/tasks/shared/LS_root/mounts/clusters/morgenpronk1/code/Users/MorgenPronk/PID_scrape_project/pid_scrape_script.py", line 84, in pid_scrape
    pid_content = fitz.open(file_path)
  File "/mnt/batch/tasks/shared/LS_root/mounts/clusters/morgenpronk1/code/Users/MorgenPronk/PID_scrape_project/venv/lib/python3.10/site-packages/pymupdf/__init__.py", line 2957, in __init__
    raise FileNotFoundError(f"no such file: '{filename}'")
pymupdf.FileNotFoundError: no such file: './docs/PID-706 Methyl Ester Distillation Page 5 20230407.pdf/PID-997_07 Tank Farm B and C Steam and Condensate.pdf'


Error processing file PID-997_07 Tank Farm B and C Steam and Condensate.pdf: 
Traceback (most recent call last):
  File "/mnt/batch/tasks/shared/LS_root/mounts/clusters/morgenpronk1/code/Users/MorgenPronk/PID_scrape_project/pid_scrape_script.py", line 114, in loop_files
    doc_content = pid_scrape(pid_file_path)
  File "/mnt/batch/tasks/shared/LS_root/mounts/clusters/morgenpronk1/code/Users/MorgenPronk/PID_scrape_project/pid_scrape_script.py", line 84, in pid_scrape
    pid_content = fitz.open(file_path)
  File "/mnt/batch/tasks/shared/LS_root/mounts/clusters/morgenpronk1/code/Users/MorgenPronk/PID_scrape_project/venv/lib/python3.10/site-packages/pymupdf/__init__.py", line 2957, in __init__
    raise FileNotFoundError(f"no such file: '{filename}'")
pymupdf.FileNotFoundError: no such file: './docs/PID-800 NUK Boiler.pdf/PID-997_07 Tank Farm B and C Steam and Condensate.pdf'


Error processing file PID-997_07 Tank Farm B and C Steam and Condensate.pdf: 
Traceback (most recent call last):
  File "/mnt/batch/tasks/shared/LS_root/mounts/clusters/morgenpronk1/code/Users/MorgenPronk/PID_scrape_project/pid_scrape_script.py", line 114, in loop_files
    doc_content = pid_scrape(pid_file_path)
  File "/mnt/batch/tasks/shared/LS_root/mounts/clusters/morgenpronk1/code/Users/MorgenPronk/PID_scrape_project/pid_scrape_script.py", line 84, in pid_scrape
    pid_content = fitz.open(file_path)
  File "/mnt/batch/tasks/shared/LS_root/mounts/clusters/morgenpronk1/code/Users/MorgenPronk/PID_scrape_project/venv/lib/python3.10/site-packages/pymupdf/__init__.py", line 2957, in __init__
    raise FileNotFoundError(f"no such file: '{filename}'")
pymupdf.FileNotFoundError: no such file: './docs/PID-920_07 Safety Relief Piping.pdf/PID-997_07 Tank Farm B and C Steam and Condensate.pdf'


Error processing file PID-997_07 Tank Farm B and C Steam and Condensate.pdf: 
Traceback (most recent call last):
  File "/mnt/batch/tasks/shared/LS_root/mounts/clusters/morgenpronk1/code/Users/MorgenPronk/PID_scrape_project/pid_scrape_script.py", line 114, in loop_files
    doc_content = pid_scrape(pid_file_path)
  File "/mnt/batch/tasks/shared/LS_root/mounts/clusters/morgenpronk1/code/Users/MorgenPronk/PID_scrape_project/pid_scrape_script.py", line 84, in pid_scrape
    pid_content = fitz.open(file_path)
  File "/mnt/batch/tasks/shared/LS_root/mounts/clusters/morgenpronk1/code/Users/MorgenPronk/PID_scrape_project/venv/lib/python3.10/site-packages/pymupdf/__init__.py", line 2957, in __init__
    raise FileNotFoundError(f"no such file: '{filename}'")
pymupdf.FileNotFoundError: no such file: './docs/PID-930_11 Thermal Heating Fluid.pdf/PID-997_07 Tank Farm B and C Steam and Condensate.pdf'


Error processing file PID-997_07 Tank Farm B and C Steam and Condensate.pdf: 
Traceback (most recent call last):
  File "/mnt/batch/tasks/shared/LS_root/mounts/clusters/morgenpronk1/code/Users/MorgenPronk/PID_scrape_project/pid_scrape_script.py", line 114, in loop_files
    doc_content = pid_scrape(pid_file_path)
  File "/mnt/batch/tasks/shared/LS_root/mounts/clusters/morgenpronk1/code/Users/MorgenPronk/PID_scrape_project/pid_scrape_script.py", line 84, in pid_scrape
    pid_content = fitz.open(file_path)
  File "/mnt/batch/tasks/shared/LS_root/mounts/clusters/morgenpronk1/code/Users/MorgenPronk/PID_scrape_project/venv/lib/python3.10/site-packages/pymupdf/__init__.py", line 2957, in __init__
    raise FileNotFoundError(f"no such file: '{filename}'")
pymupdf.FileNotFoundError: no such file: './docs/PID-931_06 Thermal Fluid Distribution Distillation 20230418.pdf/PID-997_07 Tank Farm B and C Steam and Condensate.pdf'


Error processing file PID-997_07 Tank Farm B and C Steam and Condensate.pdf: 
Traceback (most recent call last):
  File "/mnt/batch/tasks/shared/LS_root/mounts/clusters/morgenpronk1/code/Users/MorgenPronk/PID_scrape_project/pid_scrape_script.py", line 114, in loop_files
    doc_content = pid_scrape(pid_file_path)
  File "/mnt/batch/tasks/shared/LS_root/mounts/clusters/morgenpronk1/code/Users/MorgenPronk/PID_scrape_project/pid_scrape_script.py", line 84, in pid_scrape
    pid_content = fitz.open(file_path)
  File "/mnt/batch/tasks/shared/LS_root/mounts/clusters/morgenpronk1/code/Users/MorgenPronk/PID_scrape_project/venv/lib/python3.10/site-packages/pymupdf/__init__.py", line 2957, in __init__
    raise FileNotFoundError(f"no such file: '{filename}'")
pymupdf.FileNotFoundError: no such file: './docs/PID-960_06 Natural Gas Distribution 20230502.pdf/PID-997_07 Tank Farm B and C Steam and Condensate.pdf'


Error processing file PID-997_07 Tank Farm B and C Steam and Condensate.pdf: 
Traceback (most recent call last):
  File "/mnt/batch/tasks/shared/LS_root/mounts/clusters/morgenpronk1/code/Users/MorgenPronk/PID_scrape_project/pid_scrape_script.py", line 114, in loop_files
    doc_content = pid_scrape(pid_file_path)
  File "/mnt/batch/tasks/shared/LS_root/mounts/clusters/morgenpronk1/code/Users/MorgenPronk/PID_scrape_project/pid_scrape_script.py", line 84, in pid_scrape
    pid_content = fitz.open(file_path)
  File "/mnt/batch/tasks/shared/LS_root/mounts/clusters/morgenpronk1/code/Users/MorgenPronk/PID_scrape_project/venv/lib/python3.10/site-packages/pymupdf/__init__.py", line 2957, in __init__
    raise FileNotFoundError(f"no such file: '{filename}'")
pymupdf.FileNotFoundError: no such file: './docs/PID-961_05 Natural Gas Heaters Warehouse.pdf/PID-997_07 Tank Farm B and C Steam and Condensate.pdf'


Error processing file PID-997_07 Tank Farm B and C Steam and Condensate.pdf: 
Traceback (most recent call last):
  File "/mnt/batch/tasks/shared/LS_root/mounts/clusters/morgenpronk1/code/Users/MorgenPronk/PID_scrape_project/pid_scrape_script.py", line 114, in loop_files
    doc_content = pid_scrape(pid_file_path)
  File "/mnt/batch/tasks/shared/LS_root/mounts/clusters/morgenpronk1/code/Users/MorgenPronk/PID_scrape_project/pid_scrape_script.py", line 84, in pid_scrape
    pid_content = fitz.open(file_path)
  File "/mnt/batch/tasks/shared/LS_root/mounts/clusters/morgenpronk1/code/Users/MorgenPronk/PID_scrape_project/venv/lib/python3.10/site-packages/pymupdf/__init__.py", line 2957, in __init__
    raise FileNotFoundError(f"no such file: '{filename}'")
pymupdf.FileNotFoundError: no such file: './docs/PID-970_06 Emergency Eyewash and Showers Distillation.pdf/PID-997_07 Tank Farm B and C Steam and Condensate.pdf'


Error processing file PID-997_07 Tank Farm B and C Steam and Condensate.pdf: 
Traceback (most recent call last):
  File "/mnt/batch/tasks/shared/LS_root/mounts/clusters/morgenpronk1/code/Users/MorgenPronk/PID_scrape_project/pid_scrape_script.py", line 114, in loop_files
    doc_content = pid_scrape(pid_file_path)
  File "/mnt/batch/tasks/shared/LS_root/mounts/clusters/morgenpronk1/code/Users/MorgenPronk/PID_scrape_project/pid_scrape_script.py", line 84, in pid_scrape
    pid_content = fitz.open(file_path)
  File "/mnt/batch/tasks/shared/LS_root/mounts/clusters/morgenpronk1/code/Users/MorgenPronk/PID_scrape_project/venv/lib/python3.10/site-packages/pymupdf/__init__.py", line 2957, in __init__
    raise FileNotFoundError(f"no such file: '{filename}'")
pymupdf.FileNotFoundError: no such file: './docs/PID-975_03 Nitrogen System.pdf/PID-997_07 Tank Farm B and C Steam and Condensate.pdf'


Error processing file PID-997_07 Tank Farm B and C Steam and Condensate.pdf: 
Traceback (most recent call last):
  File "/mnt/batch/tasks/shared/LS_root/mounts/clusters/morgenpronk1/code/Users/MorgenPronk/PID_scrape_project/pid_scrape_script.py", line 114, in loop_files
    doc_content = pid_scrape(pid_file_path)
  File "/mnt/batch/tasks/shared/LS_root/mounts/clusters/morgenpronk1/code/Users/MorgenPronk/PID_scrape_project/pid_scrape_script.py", line 84, in pid_scrape
    pid_content = fitz.open(file_path)
  File "/mnt/batch/tasks/shared/LS_root/mounts/clusters/morgenpronk1/code/Users/MorgenPronk/PID_scrape_project/venv/lib/python3.10/site-packages/pymupdf/__init__.py", line 2957, in __init__
    raise FileNotFoundError(f"no such file: '{filename}'")
pymupdf.FileNotFoundError: no such file: './docs/PID-976_02 Compressed Air.pdf/PID-997_07 Tank Farm B and C Steam and Condensate.pdf'


Error processing file PID-997_07 Tank Farm B and C Steam and Condensate.pdf: 
Traceback (most recent call last):
  File "/mnt/batch/tasks/shared/LS_root/mounts/clusters/morgenpronk1/code/Users/MorgenPronk/PID_scrape_project/pid_scrape_script.py", line 114, in loop_files
    doc_content = pid_scrape(pid_file_path)
  File "/mnt/batch/tasks/shared/LS_root/mounts/clusters/morgenpronk1/code/Users/MorgenPronk/PID_scrape_project/pid_scrape_script.py", line 84, in pid_scrape
    pid_content = fitz.open(file_path)
  File "/mnt/batch/tasks/shared/LS_root/mounts/clusters/morgenpronk1/code/Users/MorgenPronk/PID_scrape_project/venv/lib/python3.10/site-packages/pymupdf/__init__.py", line 2957, in __init__
    raise FileNotFoundError(f"no such file: '{filename}'")
pymupdf.FileNotFoundError: no such file: './docs/PID-980_10 Cooling Water - Chilled Water Distillation.pdf/PID-997_07 Tank Farm B and C Steam and Condensate.pdf'


Error processing file PID-997_07 Tank Farm B and C Steam and Condensate.pdf: 
Traceback (most recent call last):
  File "/mnt/batch/tasks/shared/LS_root/mounts/clusters/morgenpronk1/code/Users/MorgenPronk/PID_scrape_project/pid_scrape_script.py", line 114, in loop_files
    doc_content = pid_scrape(pid_file_path)
  File "/mnt/batch/tasks/shared/LS_root/mounts/clusters/morgenpronk1/code/Users/MorgenPronk/PID_scrape_project/pid_scrape_script.py", line 84, in pid_scrape
    pid_content = fitz.open(file_path)
  File "/mnt/batch/tasks/shared/LS_root/mounts/clusters/morgenpronk1/code/Users/MorgenPronk/PID_scrape_project/venv/lib/python3.10/site-packages/pymupdf/__init__.py", line 2957, in __init__
    raise FileNotFoundError(f"no such file: '{filename}'")
pymupdf.FileNotFoundError: no such file: './docs/PID-990_06 Burnham Boiler 20230605.pdf/PID-997_07 Tank Farm B and C Steam and Condensate.pdf'


Error processing file PID-997_07 Tank Farm B and C Steam and Condensate.pdf: 
Traceback (most recent call last):
  File "/mnt/batch/tasks/shared/LS_root/mounts/clusters/morgenpronk1/code/Users/MorgenPronk/PID_scrape_project/pid_scrape_script.py", line 114, in loop_files
    doc_content = pid_scrape(pid_file_path)
  File "/mnt/batch/tasks/shared/LS_root/mounts/clusters/morgenpronk1/code/Users/MorgenPronk/PID_scrape_project/pid_scrape_script.py", line 84, in pid_scrape
    pid_content = fitz.open(file_path)
  File "/mnt/batch/tasks/shared/LS_root/mounts/clusters/morgenpronk1/code/Users/MorgenPronk/PID_scrape_project/venv/lib/python3.10/site-packages/pymupdf/__init__.py", line 2957, in __init__
    raise FileNotFoundError(f"no such file: '{filename}'")
pymupdf.FileNotFoundError: no such file: './docs/PID-990_06 Burnham Boiler.pdf/PID-997_07 Tank Farm B and C Steam and Condensate.pdf'


Error processing file PID-997_07 Tank Farm B and C Steam and Condensate.pdf: 
Traceback (most recent call last):
  File "/mnt/batch/tasks/shared/LS_root/mounts/clusters/morgenpronk1/code/Users/MorgenPronk/PID_scrape_project/pid_scrape_script.py", line 114, in loop_files
    doc_content = pid_scrape(pid_file_path)
  File "/mnt/batch/tasks/shared/LS_root/mounts/clusters/morgenpronk1/code/Users/MorgenPronk/PID_scrape_project/pid_scrape_script.py", line 84, in pid_scrape
    pid_content = fitz.open(file_path)
  File "/mnt/batch/tasks/shared/LS_root/mounts/clusters/morgenpronk1/code/Users/MorgenPronk/PID_scrape_project/venv/lib/python3.10/site-packages/pymupdf/__init__.py", line 2957, in __init__
    raise FileNotFoundError(f"no such file: '{filename}'")
pymupdf.FileNotFoundError: no such file: './docs/PID-991_08 Cleaver Boiler and Deaerator 20230407.pdf/PID-997_07 Tank Farm B and C Steam and Condensate.pdf'


Error processing file PID-997_07 Tank Farm B and C Steam and Condensate.pdf: 
Traceback (most recent call last):
  File "/mnt/batch/tasks/shared/LS_root/mounts/clusters/morgenpronk1/code/Users/MorgenPronk/PID_scrape_project/pid_scrape_script.py", line 114, in loop_files
    doc_content = pid_scrape(pid_file_path)
  File "/mnt/batch/tasks/shared/LS_root/mounts/clusters/morgenpronk1/code/Users/MorgenPronk/PID_scrape_project/pid_scrape_script.py", line 84, in pid_scrape
    pid_content = fitz.open(file_path)
  File "/mnt/batch/tasks/shared/LS_root/mounts/clusters/morgenpronk1/code/Users/MorgenPronk/PID_scrape_project/venv/lib/python3.10/site-packages/pymupdf/__init__.py", line 2957, in __init__
    raise FileNotFoundError(f"no such file: '{filename}'")
pymupdf.FileNotFoundError: no such file: './docs/PID-991_08 Cleaver Boiler and Deaerator.pdf/PID-997_07 Tank Farm B and C Steam and Condensate.pdf'


Error processing file PID-997_07 Tank Farm B and C Steam and Condensate.pdf: 
Traceback (most recent call last):
  File "/mnt/batch/tasks/shared/LS_root/mounts/clusters/morgenpronk1/code/Users/MorgenPronk/PID_scrape_project/pid_scrape_script.py", line 114, in loop_files
    doc_content = pid_scrape(pid_file_path)
  File "/mnt/batch/tasks/shared/LS_root/mounts/clusters/morgenpronk1/code/Users/MorgenPronk/PID_scrape_project/pid_scrape_script.py", line 84, in pid_scrape
    pid_content = fitz.open(file_path)
  File "/mnt/batch/tasks/shared/LS_root/mounts/clusters/morgenpronk1/code/Users/MorgenPronk/PID_scrape_project/venv/lib/python3.10/site-packages/pymupdf/__init__.py", line 2957, in __init__
    raise FileNotFoundError(f"no such file: '{filename}'")
pymupdf.FileNotFoundError: no such file: './docs/PID-992_05 Burnham and Cleaver Steam Header.pdf/PID-997_07 Tank Farm B and C Steam and Condensate.pdf'


Error processing file PID-997_07 Tank Farm B and C Steam and Condensate.pdf: 
Traceback (most recent call last):
  File "/mnt/batch/tasks/shared/LS_root/mounts/clusters/morgenpronk1/code/Users/MorgenPronk/PID_scrape_project/pid_scrape_script.py", line 114, in loop_files
    doc_content = pid_scrape(pid_file_path)
  File "/mnt/batch/tasks/shared/LS_root/mounts/clusters/morgenpronk1/code/Users/MorgenPronk/PID_scrape_project/pid_scrape_script.py", line 84, in pid_scrape
    pid_content = fitz.open(file_path)
  File "/mnt/batch/tasks/shared/LS_root/mounts/clusters/morgenpronk1/code/Users/MorgenPronk/PID_scrape_project/venv/lib/python3.10/site-packages/pymupdf/__init__.py", line 2957, in __init__
    raise FileNotFoundError(f"no such file: '{filename}'")
pymupdf.FileNotFoundError: no such file: './docs/PID-994_04 Steam and Condensate Tank Farm 20230418.pdf/PID-997_07 Tank Farm B and C Steam and Condensate.pdf'


Error processing file PID-997_07 Tank Farm B and C Steam and Condensate.pdf: 
Traceback (most recent call last):
  File "/mnt/batch/tasks/shared/LS_root/mounts/clusters/morgenpronk1/code/Users/MorgenPronk/PID_scrape_project/pid_scrape_script.py", line 114, in loop_files
    doc_content = pid_scrape(pid_file_path)
  File "/mnt/batch/tasks/shared/LS_root/mounts/clusters/morgenpronk1/code/Users/MorgenPronk/PID_scrape_project/pid_scrape_script.py", line 84, in pid_scrape
    pid_content = fitz.open(file_path)
  File "/mnt/batch/tasks/shared/LS_root/mounts/clusters/morgenpronk1/code/Users/MorgenPronk/PID_scrape_project/venv/lib/python3.10/site-packages/pymupdf/__init__.py", line 2957, in __init__
    raise FileNotFoundError(f"no such file: '{filename}'")
pymupdf.FileNotFoundError: no such file: './docs/PID-995_08 Steam and Condensate Distillation.pdf/PID-997_07 Tank Farm B and C Steam and Condensate.pdf'


Error processing file PID-997_07 Tank Farm B and C Steam and Condensate.pdf: 
Traceback (most recent call last):
  File "/mnt/batch/tasks/shared/LS_root/mounts/clusters/morgenpronk1/code/Users/MorgenPronk/PID_scrape_project/pid_scrape_script.py", line 114, in loop_files
    doc_content = pid_scrape(pid_file_path)
  File "/mnt/batch/tasks/shared/LS_root/mounts/clusters/morgenpronk1/code/Users/MorgenPronk/PID_scrape_project/pid_scrape_script.py", line 84, in pid_scrape
    pid_content = fitz.open(file_path)
  File "/mnt/batch/tasks/shared/LS_root/mounts/clusters/morgenpronk1/code/Users/MorgenPronk/PID_scrape_project/venv/lib/python3.10/site-packages/pymupdf/__init__.py", line 2957, in __init__
    raise FileNotFoundError(f"no such file: '{filename}'")
pymupdf.FileNotFoundError: no such file: './docs/PID-996_02 Export Steam - 161-E-3 Methanol Reboiler 20230321.pdf/PID-997_07 Tank Farm B and C Steam and Condensate.pdf'


Error processing file PID-997_07 Tank Farm B and C Steam and Condensate.pdf: 
Traceback (most recent call last):
  File "/mnt/batch/tasks/shared/LS_root/mounts/clusters/morgenpronk1/code/Users/MorgenPronk/PID_scrape_project/pid_scrape_script.py", line 114, in loop_files
    doc_content = pid_scrape(pid_file_path)
  File "/mnt/batch/tasks/shared/LS_root/mounts/clusters/morgenpronk1/code/Users/MorgenPronk/PID_scrape_project/pid_scrape_script.py", line 84, in pid_scrape
    pid_content = fitz.open(file_path)
  File "/mnt/batch/tasks/shared/LS_root/mounts/clusters/morgenpronk1/code/Users/MorgenPronk/PID_scrape_project/venv/lib/python3.10/site-packages/pymupdf/__init__.py", line 2957, in __init__
    raise FileNotFoundError(f"no such file: '{filename}'")
pymupdf.FileNotFoundError: no such file: './docs/PID-997_07 Tank Farm B and C Steam and Condensate.pdf/PID-997_07 Tank Farm B and C Steam and Condensate.pdf'


Processed file PID-997_07 Tank Farm B and C Steam and Condensate.pdf, generated 35 tags.

Processed file PID-997_07 Tank Farm B and C Steam and Condensate.pdf, generated 17 tags.

Processed file PID-997_07 Tank Farm B and C Steam and Condensate.pdf, generated 13 tags.

Processed file PID-997_07 Tank Farm B and C Steam and Condensate.pdf, generated 2 tags.

Processed file PID-997_07 Tank Farm B and C Steam and Condensate.pdf, generated 0 tags.

Processed file PID-997_07 Tank Farm B and C Steam and Condensate.pdf, generated 37 tags.

Processed file PID-997_07 Tank Farm B and C Steam and Condensate.pdf, generated 5 tags.

Processed file PID-997_07 Tank Farm B and C Steam and Condensate.pdf, generated 37 tags.

Processed file PID-997_07 Tank Farm B and C Steam and Condensate.pdf, generated 93 tags.

Processed file PID-997_07 Tank Farm B and C Steam and Condensate.pdf, generated 0 tags.

Processed file PID-997_07 Tank Farm B and C Steam and Condensate.pdf, generated 56 tags.

Processed file PID-997_07 Tank Farm B and C Steam and Condensate.pdf, generated 0 tags.

Processed file PID-997_07 Tank Farm B and C Steam and Condensate.pdf, generated 0 tags.

Processed file PID-997_07 Tank Farm B and C Steam and Condensate.pdf, generated 26 tags.

Processed file PID-997_07 Tank Farm B and C Steam and Condensate.pdf, generated 44 tags.

Processed file PID-997_07 Tank Farm B and C Steam and Condensate.pdf, generated 58 tags.

Processed file PID-997_07 Tank Farm B and C Steam and Condensate.pdf, generated 31 tags.

Processed file PID-997_07 Tank Farm B and C Steam and Condensate.pdf, generated 37 tags.

Processed file PID-997_07 Tank Farm B and C Steam and Condensate.pdf, generated 12 tags.

Processed file PID-997_07 Tank Farm B and C Steam and Condensate.pdf, generated 25 tags.

Processed file PID-997_07 Tank Farm B and C Steam and Condensate.pdf, generated 16 tags.

Processed file PID-997_07 Tank Farm B and C Steam and Condensate.pdf, generated 39 tags.

Processed file PID-997_07 Tank Farm B and C Steam and Condensate.pdf, generated 22 tags.

Processed file PID-997_07 Tank Farm B and C Steam and Condensate.pdf, generated 11 tags.

Processed file PID-997_07 Tank Farm B and C Steam and Condensate.pdf, generated 13 tags.

Processed file PID-997_07 Tank Farm B and C Steam and Condensate.pdf, generated 8 tags.

Processed file PID-997_07 Tank Farm B and C Steam and Condensate.pdf, generated 7 tags.

Processed file PID-997_07 Tank Farm B and C Steam and Condensate.pdf, generated 0 tags.

Processed file PID-997_07 Tank Farm B and C Steam and Condensate.pdf, generated 48 tags.

Processed file PID-997_07 Tank Farm B and C Steam and Condensate.pdf, generated 15 tags.

Processed file PID-997_07 Tank Farm B and C Steam and Condensate.pdf, generated 21 tags.

Processed file PID-997_07 Tank Farm B and C Steam and Condensate.pdf, generated 23 tags.

Processed file PID-997_07 Tank Farm B and C Steam and Condensate.pdf, generated 19 tags.

Processed file PID-997_07 Tank Farm B and C Steam and Condensate.pdf, generated 13 tags.

Processed file PID-997_07 Tank Farm B and C Steam and Condensate.pdf, generated 22 tags.

Processed file PID-997_07 Tank Farm B and C Steam and Condensate.pdf, generated 29 tags.

Processed file PID-997_07 Tank Farm B and C Steam and Condensate.pdf, generated 40 tags.

Processed file PID-997_07 Tank Farm B and C Steam and Condensate.pdf, generated 56 tags.

Processed file PID-997_07 Tank Farm B and C Steam and Condensate.pdf, generated 10 tags.

Processed file PID-997_07 Tank Farm B and C Steam and Condensate.pdf, generated 29 tags.

Processed file PID-997_07 Tank Farm B and C Steam and Condensate.pdf, generated 9 tags.

Processed file PID-997_07 Tank Farm B and C Steam and Condensate.pdf, generated 4 tags.

Processed file PID-997_07 Tank Farm B and C Steam and Condensate.pdf, generated 10 tags.

Processed file PID-997_07 Tank Farm B and C Steam and Condensate.pdf, generated 3 tags.

Processed file PID-997_07 Tank Farm B and C Steam and Condensate.pdf, generated 38 tags.

Processed file PID-997_07 Tank Farm B and C Steam and Condensate.pdf, generated 29 tags.

Processed file PID-997_07 Tank Farm B and C Steam and Condensate.pdf, generated 20 tags.

Processed file PID-997_07 Tank Farm B and C Steam and Condensate.pdf, generated 45 tags.

Processed file PID-997_07 Tank Farm B and C Steam and Condensate.pdf, generated 20 tags.

Processed file PID-997_07 Tank Farm B and C Steam and Condensate.pdf, generated 34 tags.

Processed file PID-997_07 Tank Farm B and C Steam and Condensate.pdf, generated 21 tags.

Processed file PID-997_07 Tank Farm B and C Steam and Condensate.pdf, generated 11 tags.

Processed file PID-997_07 Tank Farm B and C Steam and Condensate.pdf, generated 13 tags.

Processed file PID-997_07 Tank Farm B and C Steam and Condensate.pdf, generated 1 tags.

Processed file PID-997_07 Tank Farm B and C Steam and Condensate.pdf, generated 71 tags.

Processed file PID-997_07 Tank Farm B and C Steam and Condensate.pdf, generated 70 tags.

Processed file PID-997_07 Tank Farm B and C Steam and Condensate.pdf, generated 37 tags.

Processed file PID-997_07 Tank Farm B and C Steam and Condensate.pdf, generated 24 tags.

Processed file PID-997_07 Tank Farm B and C Steam and Condensate.pdf, generated 30 tags.

Processed file PID-997_07 Tank Farm B and C Steam and Condensate.pdf, generated 54 tags.

Processed file PID-997_07 Tank Farm B and C Steam and Condensate.pdf, generated 57 tags.

Processed file PID-997_07 Tank Farm B and C Steam and Condensate.pdf, generated 0 tags.

Processed file PID-997_07 Tank Farm B and C Steam and Condensate.pdf, generated 0 tags.

Processed file PID-997_07 Tank Farm B and C Steam and Condensate.pdf, generated 32 tags.

Processed file PID-997_07 Tank Farm B and C Steam and Condensate.pdf, generated 45 tags.

Processed file PID-997_07 Tank Farm B and C Steam and Condensate.pdf, generated 57 tags.

Processed file PID-997_07 Tank Farm B and C Steam and Condensate.pdf, generated 38 tags.

Processed file PID-997_07 Tank Farm B and C Steam and Condensate.pdf, generated 34 tags.

Error generating and validating equipment list: unterminated string literal (detected at line 1) (<unknown>, line 1)

Failed to generate valid equipment list after 4 tries. Last output:
['616B1', '616B2', 'TNK 804', 'FCV1181-1', 'ST-39', 'P-9007', 'PMP-802', 'PME5306', 'PSV-1181-2', 'P1178', 'DCVP1178NA-2', 'P1178', 'P1178', 'P1178', 'P1178', 'P1178', 'P1178', 'P1178', 'P1178', 'P1178', 'P1178', 'P1178', 'P1178', 'P1178', 'P1178', 'P1178', 'P1178', 'P1178', 'P1178', 'P1178', 'P1178', 'P1178', 'P1178', 'P1178', 'P1178', 'P1178', 'P1178', 'P1178', 'P1178', 'P1178', 'P1178', 'P1178', 'P1178', 'P1178', 'P1178', 'P1178', 'P1178', 'P1178', 'P1178', 'P1178', 'P1178', 'P1178', 'P1178', 'P1178', 'P1178', 'P1178', 'P1178', 'P1178', 'P1178', 'P1178', 'P1178', 'P1178', 'P1178', 'P1178', 'P1178', 'P1178', 'P1178', 'P1178', 'P1178', 'P1178', 'P1178', 'P1178', 'P1178', 'P1178', 'P1178', 'P1178', 'P1178', 'P1178', 'P1178', 'P1178', 'P1178', 'P1178', 'P1178', 'P1178', 'P1178', 'P1178', 'P1178', 'P1178', 'P1178', 'P1178', 'P1178', 'P1178', 'P1178', 'P1178', 'P1178', 'P1178', 'P1178', 'P1178', 'P1178', 'P1178', 'P1178', 'P1178', 'P1178', 'P1178', 'P1178', 'P1178', 'P1178', 'P1178', 'P1178', 'P1178', 'P1178', 'P1178', 'P1178', 'P1178', 'P1178', 'P1178', 'P1178', 'P1178', 'P1178', 'P1178', 'P1178', 'P1178', 'P1178', 'P1178', 'P1178', 'P1178', 'P1178', 'P1178', 'P1178', 'P1178', 'P1178', 'P1178', 'P1178', 'P1178', 'P1178', 'P1178', 'P1178', 'P1178', 'P1178', 'P1178', 'P1178', 'P1178', 'P1178', 'P1178', 'P1178', 'P1178', 'P1178', 'P1178', 'P1178', 'P1178', 'P1178', 'P1178', 'P1178', 'P1178', 'P1178', 'P1178', 'P1178', 'P1178', 'P1178', 'P1178', 'P1178', 'P1178', 'P1178', 'P1178', 'P1178', 'P1178', 'P1178', 'P1178', 'P1178', 'P1178', 'P1178', 'P1178', 'P1178', 'P1178', 'P1178', 'P1178', 'P1178', 'P1178', 'P1178', 'P1178', 'P1178', 'P1178', 'P1178', 'P1178', 'P1178', 'P1178', 'P1178', 'P1178', 'P1178', 'P1178', 'P1178', 'P1178', 'P1178', 'P1178', 'P1178', 'P1178', 'P1178', 'P1178', 'P1178', 'P1178', 'P1178', 'P1178', 'P1178', 'P1178', 'P1178', 'P1178', 'P1178', 'P1178', 'P1178', 'P1178', 'P1178', 'P1178', 'P1178', 'P1178', 'P1178', 'P1178', 'P1178', 'P1178', 'P1178', 'P1178', 'P1178', 'P1178', 'P1178', 'P1178', 'P1178', 'P1178', 'P1178', 'P1178', 'P1178', 'P1178', 'P1178', 'P1178', 'P1178', 'P1178', 'P1178', 'P1178', 'P1178', 'P1178', 'P1178', 'P1178', 'P1178', 'P1178', 'P1178', 'P1178', 'P1178', 'P1178', 'P1178', 'P1178', 'P1178', 'P1178', 'P1178', 'P1178', 'P1178', 'P1178', 'P1178', 'P1178', 'P1178', 'P1178', 'P1178', 'P1178', 'P1178', 'P1178', 'P1178', 'P1178', 'P1178', 'P1178', 'P1178', 'P1178', 'P1178', 'P1178', 'P1178', 'P1178', 'P1178', 'P1178', 'P1178', 'P1178', 'P1178', 'P1178', 'P1178', 'P1178', 'P1178', 'P1178', 'P1178', 'P1178', 'P1178', 'P1178', 'P1178', 'P1178', 'P1178', 'P1178', 'P1178', 'P1178', 'P1178', 'P1178', 'P1178', 'P1178', 'P1178', 'P1178', 'P1178', 'P1178', 'P1178', 'P1178', 'P1178', 'P1178', 'P1178', 'P1178', 'P1178', 'P1178', 'P1178', 'P1178', 'P1178', 'P1178', 'P1178', 'P1178', 'P1178', 'P1178', 'P1178', 'P1178', 'P1178', 'P1178', 'P1178', 'P1178', 'P1178', 'P1178', 'P1178', 'P1178', 'P1178', 'P1178', 'P1178', 'P1178', 'P1178', 'P1178', 'P1178', 'P1178', 'P1178', 'P1178', 'P1178', 'P1178', 'P1178', 'P1178', 'P1178', 'P1178', 'P1178', 'P1178', 'P1178', 'P1178', 'P1178', 'P1178', 'P1178', 'P1178', 'P1178', 'P1178', 'P1178', 'P1178', 'P1178', 'P1178', 'P1178', 'P1178', 'P1178', 'P1178', 'P1178', 'P1178', 'P1178', 'P1178', 'P1178', 'P1178', 'P1178', 'P1178', 'P1178', 'P1178', 'P1178', 'P1178', 'P1178', 'P1178', 'P1178', 'P1178', 'P1178', 'P1178', 'P1178', 'P1178', 'P1178', 'P1178', 'P1178', 'P1178', 'P1178', 'P1178', 'P1178', 'P1178', 'P1178', 'P1178', 'P1178', 'P1178', 'P1178', 'P1178', 'P1178', 'P1178', 'P1178', 'P1178', 'P1178', 'P1178', 'P1178', 'P1178', 'P1178', 'P1178', 'P1178', 'P1178', 'P1178', 'P1178', 'P1178', 'P1178', 'P1178', 'P1178', 'P1178', 'P1178', 'P1178', 'P1178', 'P1178', 'P1178', 'P1178', 'P1178', 'P1178', 'P1178', 'P1178', 'P1178', 'P1178', 'P1178', 'P1178', 'P1178', 'P1178', 'P1178', 'P1178', 'P1178', 'P1178', 'P1178', 'P1178', 'P1178', 'P1178', 'P1178', 'P1178', 'P1178', 'P1178', 'P1178', 'P1178', 'P1178', 'P1178', 'P1178', 'P1178', 'P1178', 'P1178', 'P1178', 'P1178', 'P1178', 'P1178', 'P1178', 'P1178', 'P1178', 'P1178', 'P1178', 'P1178', 'P1178', 'P1178', 'P1178', 'P1178', 'P1178', 'P1178', 'P1178', 'P1178', 'P1178', 'P1178', 'P1178', 'P1178', 'P1178', 'P1178', 'P1178', 'P1178', 'P1178', 'P1178', 'P1178', 'P1178', 'P1178', 'P1178', 'P1178', 'P1178', 'P1178', 'P1178', 'P1178', 'P1178', 'P1178', 'P1178', 'P1178', 'P1178', 'P1178', 'P1178', 'P1178', 'P1178', 'P1178', 'P1178', 'P1178', 'P1178', 'P1178', 'P1178', 'P1178', 'P1178', 'P1178', 'P1178', 'P1178', 'P1178', 'P1178', 'P1178', 'P1178', 'P1178', 'P1178', 'P1178', 'P1178', 'P1178', 'P1178', 'P1178', 'P1178', 'P1178', 'P1178', 'P1178', 'P1178', 'P1178', 'P1178', 'P1178', 'P1178', 'P1178', 'P1178', 'P1178', 'P1178', 'P1178', 'P1178', 'P1178', 'P1178', 'P1178', 'P1178', 'P1178', 'P1178', 'P1178', 'P1178', 'P1178', 'P1178', 'P1178', 'P1178', 'P1178', 'P1178', 'P1178', 'P1178', 'P1178', 'P1178', 'P1178', 'P1178', 'P1178', 'P1178', 'P1178', 'P1178', 'P1178', 'P1178', 'P1178', 'P1178', 'P1178', 'P1178', 'P1178', 'P1178', 'P1178', 'P1178', 'P1178', 'P1178', 'P1178', 'P1178', 'P1178', 'P1178', 'P1178', 'P1178', 'P1178', 'P1178', 'P1178', 'P1178', 'P1178', 'P1178', 'P1178', 'P1178', 'P1178', 'P1178', 'P1178', 'P1178', 'P1178', 'P1178', 'P1178', 'P1178', 'P1178', 'P1178', 'P1178', 'P1178', 'P1178', 'P1178', 'P1178', 'P1178', 'P1178', 'P1178', 'P1178', 'P1178', 'P1178', 'P1178', 'P1178', 'P1178', 'P1178', 'P1178', 'P1178', 'P1178', 'P1178', 'P1178', 'P1178', 'P1178', 'P1178', 'P1178', 'P1178', 'P1178', 'P1178', 'P1178', 'P1178', 'P1178', 'P1178', 'P1178', 'P1178', 'P1178', 'P1178', 'P1178', 'P1178', 'P1178', 'P1178', 'P1178', 'P1178', 'P1178', 'P1178', 'P1178', 'P1178', 'P1178', 'P1178', 'P1178', 'P1178', 'P1178', 'P1178', 'P1178', 'P1178', 'P1178', 'P1178', 'P1178', 'P1178', 'P1178', 'P1178', 'P1178', 'P1178', 'P1178', 'P1178', 'P1178', 'P1178', 'P1178', 'P1178', 'P1178', 'P1178', 'P1178', 'P1178', 'P1178', 'P1178', 'P1178', 'P1178', 'P1178', 'P1178', 'P1178', 'P1178', 'P1178', 'P1178', 'P1178', 'P1178', 'P1178', 'P1178', 'P1178', 'P1178', 'P1178', 'P1178', 'P1178', 'P1178', 'P1178', 'P1178', 'P1178', 'P1178', 'P1178', 'P1178', 'P1178', 'P1178', 'P1178', 'P1178', 'P1178', 'P1178', 'P1178', 'P1178', 'P1178', 'P1178', 'P1178', 'P1178', 'P1178', 'P1178', 'P1178', 'P1178', 'P1178', 'P1178', 'P1178', 'P1178', 'P1178', 'P1178', 'P1178', 'P1178', 'P1178', 'P1178', 'P1178', 'P1178', 'P1178', 'P1178', 'P1178', 'P1178', 'P1178', 'P1178', 'P1178', 'P1178', 'P1178', 'P1178', 'P1178', 'P1178', 'P1178', 'P1178', 'P1178', 'P1178', 'P1178', 'P1178', 'P1178', 'P1178', 'P1178', 'P1178', 'P1178', 'P1178', 'P1178', 'P1178', 'P1178', 'P1178', 'P1178', 'P1178', 'P1178', 'P1178', 'P1178', 'P1178', 'P1178', 'P1178', 'P1178', 'P1178', 'P1178', 'P1178', 'P1178', 'P1178', 'P1178', 'P1178', 'P1178', 'P1178', 'P1178', 'P1178', 'P1178', 'P1178', 'P1178', 'P1178', 'P1178', 'P1178', 'P1178', 'P1178', 'P1178', 'P1178', 'P1178', 'P1178', 'P1178', 'P1178', 'P1178', 'P1178', 'P1178', 'P1178', 'P1178', 'P1178', 'P1178', 'P1178', 'P1178', 'P1178', 'P1178', 'P1178', 'P1178', 'P1178', 'P1178', 'P1178', 'P1178', 'P1178', 'P1178', 'P1178', 'P1178', 'P1178', 'P1178', 'P1178', 'P1178', 'P1178', 'P1178', 'P1178', 'P1178', 'P1178', 'P1178', 'P1178', 'P1178', 'P1178', 'P1178', 'P1178', 'P1178', 'P1178', 'P1178', 'P1178', 'P1178', 'P1178', 'P1178', 'P1178', 'P1178', 'P1178', 'P1178', 'P1178', 'P1178', 'P1178', 'P1178', 'P1178', 'P1178', 'P1178', 'P1178', 'P1178', 'P1178', 'P1178', 'P1178', 'P1178', 'P1178', 'P1178', 'P1178', 'P1178', 'P1178', 'P1178', 'P1178', 'P1178', 'P1178', 'P1178', 'P1178', 'P1178', 'P1178', 'P1178', 'P1178', 'P1178', 'P1178', 'P1178', 'P1178', 'P1178', 'P1178', 'P1178', 'P1178', 'P1178', 'P1178', 'P1178', 'P1178', 'P1178', 'P1178', 'P1178', 'P1178', 'P1178', 'P1178', 'P1178', 'P1178', 'P1178', 'P1178', 'P1178', 'P1178', 'P1178', 'P1178', 'P1178', 'P1178', 'P1178', 'P1178', 'P1178', 'P1178', 'P1178', 'P1178', 'P1178', 'P1178', 'P1178', 'P1178', 'P1178', 'P1178', 'P1178', 'P1178', 'P1178', 'P1178', 'P1178', 'P1178', 'P1178', 'P1178', 'P1178', 'P1178', 'P1178', 'P1178', 'P1178', 'P1178', 'P1178', 'P1178', 'P1178', 'P1178', 'P1178', 'P1178', 'P1178', 'P1178', 'P1178', 'P1178', 'P1178', 'P1178', 'P1178', 'P1178', 'P1178', 'P1178', 'P1178', 'P1178', 'P1178', 'P1178', 'P1178', 'P1178', 'P1178', 'P1178', 'P1178', 'P1178', 'P1178', 'P1178', 'P1178', 'P1178', 'P1178', 'P1178', 'P1178', 'P1178', 'P1178', 'P1178', 'P1178', 'P1178', 'P1178', 'P1178', 'P1178', 'P1178', 'P1178', 'P1178', 'P1178', 'P1178', 'P1178', 'P1178', 'P1178', 'P1178', 'P1178', 'P1178', 'P1178', 'P1178', 'P1178', 'P1178', 'P1178', 'P1178', 'P1178', 'P1178', 'P1178', 'P1178', 'P1178', 'P1178', 'P1178', 'P1178', 'P1178', 'P1178', 'P1178', 'P1178', 'P1178', 'P1178', 'P1178', 'P1178', 'P1178', 'P1178', 'P1178', 'P1178', 'P1178', 'P1178', 'P1178', 'P1178', 'P1178', 'P1178', 'P1178', 'P1178', 'P1178', 'P1178', 'P1178', 'P1178', 'P1178', 'P1178', 'P1178', 'P1178', 'P1178', 'P1178', 'P1178', 'P1178', 'P1178', 'P1178', 'P1178', 'P1178', 'P1178', 'P1178', 'P1178', 'P1178', 'P1178', 'P1178', 'P1178', 'P1178', 'P1178', 'P1178', 'P1178', 'P1178', 'P1178', 'P1178', 'P1178', 'P1178', 'P1178', 'P1178', 'P1178', 'P1178', 'P1178', 'P1178', 'P1178', 'P1178', 'P1178', 'P1178', 'P1178', 'P1178', 'P1178', 'P1178', 'P1178', 'P1178', 'P1178', 'P1178', 'P1178', 'P1178', 'P1178', 'P1178', 'P1178', 'P1178', 'P1178', 'P1178', 'P1178', 'P1178', 'P1178', 'P1178', 'P1178', 'P1178', 'P1178', 'P1178', 'P1178', 'P1178', 'P1178', 'P1178', 'P1178', 'P1178', 'P1178', 'P1178', 'P1178', 'P1178', 'P1178', 'P1178', 'P1178', 'P1178', 'P1178', 'P1178', 'P1178', 'P1178', 'P1178', 'P1178', 'P1178', 'P1178', 'P1178', 'P1178', 'P1178', 'P1178', 'P1178', 'P1178', 'P1178', 'P1178', 'P1178', 'P1178', 'P1178', 'P1178', 'P1178', 'P1178', 'P1178', 'P1178', 'P1178', 'P1178', 'P1178', 'P1178', 'P1178', 'P1178', 'P1178', 'P1178', 'P1178', 'P1178', 'P1178', 'P1178', 'P1178', 'P1178', 'P1178', 'P1178', 'P1178', 'P1178', 'P1178', 'P1178', 'P1178', 'P1178', 'P1178', 'P1178', 'P1178', 'P1178', 'P1178', 'P1178', 'P1178', 'P1178', 'P1178', 'P1178', 'P1178', 'P1178', 'P1178', 'P1178', 'P1178', 'P1178', 'P1178', 'P1178', 'P1178', 'P1178', 'P1178', 'P1178', 'P1178', 'P1178', 'P1178', 'P1178', 'P1178', 'P1178', 'P1178', 'P1178', 'P1178', 'P1178', 'P1178', 'P1178', 'P1178', 'P1178', 'P1178', 'P1178', 'P1178', 'P1178', 'P1178', 'P1178', 'P1178', 'P1178', 'P1178', 'P1178', 'P1178', 'P1178', 'P1178', 'P1178', 'P1178', 'P1178', 'P1178', 'P1178', 'P1178', 'P1178', 'P1178', 'P1178', 'P1178', 'P1178', 'P1178', 'P1178', 'P1178', 'P1178', 'P1178', 'P1178', 'P1178', 'P1178', 'P1178', 'P1178', 'P1178', 'P1178', 'P1178', 'P1178', 'P1178', 'P1178', 'P1178', 'P1178', 'P1178', 'P1178', 'P1178', 'P1178', 'P1178', 'P1178', 'P1178', 'P1178', 'P1178', 'P1178', 'P1178', 'P1178', 'P1178', 'P1178', 'P1178', 'P1178', 'P1178', 'P1178', 'P1178', 'P1178', 'P1178', 'P1178', 'P1178', 'P1178', 'P1178', 'P1178', 'P1178', 'P1178', 'P1178', 'P1178', 'P1178', 'P1178', 'P1178', 'P1178', 'P1178', 'P1178', 'P1178', 'P1178', 'P1178', 'P1178', 'P1178', 'P1178', 'P1178', 'P1178', 'P1178', 'P1178', 'P1178', 'P1178', 'P1178', 'P1178', 'P1178', 'P1178', 'P1178', 'P1178', 'P1178', 'P1178', 'P1178', 'P1178', 'P1178', 'P1178', 'P1178', 'P1178', 'P1178', 'P1178', 'P1178', 'P1178', 'P1178', 'P1178', 'P1178', 'P1178', 'P1178', 'P1178', 'P1178', 'P1178', 'P1178', 'P1178', 'P1178', 'P1178', 'P1178', 'P1178', 'P1178', 'P1178', 'P1178', 'P1178', 'P1178', 'P1178', 'P1178', 'P1178', 'P1178', 'P1178', 'P1178', 'P1178', 'P1178', 'P1178', 'P1178', 'P1178', 'P1178', 'P1178', 'P1178', 'P1178', 'P1178', 'P1178', 'P1178', 'P1178', 'P1178', 'P1178', 'P1178', 'P1178', 'P1178', 'P1178', 'P1178', 'P1178', 'P1178', 'P1178', 'P1178', 'P1178', 'P1178', 'P1178', 'P1178', 'P1178', 'P1178', 'P1178', 'P1178', 'P1178', 'P1178', 'P1178', 'P1178', 'P1178', 'P1178', 'P1178', 'P1178', 'P1178', 'P1178', 'P1178', 'P1178', 'P1178', 'P1178', 'P1178', 'P1178', 'P1178', 'P1178', 'P1178', 'P1178', 'P1178', 'P1178', 'P1178', 'P1178', 'P1178', 'P1178', 'P1178', 'P1178', 'P1178', 'P1178', 'P1178', 'P1178', 'P1178', 'P1178', 'P1178', 'P1178', 'P1178', 'P1178', 'P1178', 'P1178', 'P1178', 'P1178', 'P1178', 'P1178', 'P1178', 'P1178', 'P1178', 'P1178', 'P1178', 'P1178', 'P1178', 'P1178', 'P1178', 'P1178', 'P1178', 'P1178', 'P1178', 'P1178', 'P1178', 'P1178', 'P1178', 'P1178', 'P1178', 'P1178', 'P1178', 'P1178', 'P1178', 'P1178', 'P1178', 'P1178', 'P1178', 'P1178', 'P1178', 'P1178', 'P1178', 'P1178', 'P1178', 'P1178', 'P1178', 'P1178', 'P1178', 'P1178', 'P1178', 'P1178', 'P1178', 'P1178', 'P1178', 'P1178', 'P1178', 'P1178', 'P1178', 'P1178', 'P1178', 'P1178', 'P1178', 'P1178', 'P1178', 'P1178', 'P1178', 'P1178', 'P1178', 'P1178', 'P1178', 'P1178', 'P1178', 'P1178', 'P1178', 'P1178', 'P1178', 'P1178', 'P1178', 'P1178', 'P1178', 'P1178', 'P1178', 'P1178', 'P1178', 'P1178', 'P1178', 'P1178', 'P1178', 'P1178', 'P1178', 'P1178', 'P1178', 'P1178', 'P1178', 'P1178', 'P1178', 'P1178', 'P1178', 'P1178', 'P1178', 'P1178', 'P1178', 'P1178', 'P1178', 'P1178', 'P1178', 'P1178', 'P1178', 'P1178', 'P1178', 'P1178', 'P1178', 'P1178', 'P1178', 'P1178', 'P1178', 'P1178', 'P1178', 'P1178', 'P1178', 'P1178', 'P1178', 'P1178', 'P1178', 'P1178', 'P1178', 'P1178', 'P1178', 'P1178', 'P1178', 'P1178', 'P1178', 'P1178', 'P1178', 'P1178', 'P1178', 'P1178', 'P1178', 'P1178', 'P1178', 'P1178', 'P1178', 'P1178', 'P1178', 'P1178', 'P1178', 'P1178', 'P1178', 'P1178', 'P1178', 'P1178', 'P1178', 'P1178', 'P1178', 'P1178', 'P1178', 'P1178', 'P1178', 'P1178', 'P1178', 'P1178', 'P1178', 'P1178', 'P1178', 'P1178', 'P1178', 'P1178', 'P1178', 'P1178', 'P1178', 'P1178', 'P1178', 'P1178', 'P1178', 'P1178', 'P1178', 'P1178', 'P1178', 'P1178', 'P1178', 'P1178', 'P1178', 'P1178', 'P1178', 'P1178', 'P1178', 'P1178', 'P1178', 'P1178', 'P1178', 'P1178', 'P1178', 'P1178', 'P1178', 'P1178', 'P1178', 'P1178', 'P1178', 'P1178', 'P1178', 'P1178', 'P1178', 'P1178', 'P1178', 'P1178', 'P1178', 'P1178', 'P1178', 'P1178', 'P1178', 'P1178', 'P1178', 'P1178', 'P1178', 'P1178', 'P1178', 'P1178', 'P1178', 'P1178', 'P1178', 'P1178', 'P1178', 'P1178', 'P1178', 'P1178', 'P1178', 'P1178', 'P1178', 'P1178', 'P1178', 'P1178', 'P1178', 'P1178', 'P1178', 'P1178', 'P1178', 'P1178', 'P1178', 'P1178', 'P1178', 'P1178', 'P1178', 'P1178', 'P1178', 'P1178', 'P1178', 'P1178', 'P1178', 'P1178', 'P1178', 'P1178', 'P1178', 'P1178', 'P1178', 'P1178', 'P1178', 'P1178', 'P1178', 'P1178', 'P1178', 'P1178', 'P1178', 'P1178', 'P1178', 'P1178', 'P1178', 'P1178', 'P1178', 'P1178', 'P1178', 'P1178', 'P1178', 'P1178', 'P1178', 'P1178', 'P1178', 'P1178', 'P1178', 'P1178', 'P1178', 'P1178', 'P1178', 'P1178', 'P1178', 'P1178', 'P1178', 'P1178', 'P1178', 'P1178', 'P1178', 'P1178', 'P1178', 'P1178', 'P1178', 'P1178', 'P1178', 'P1178', 'P1178', 'P1178', 'P1178', 'P1178', 'P1178', 'P1178', 'P1178', 'P1178', 'P1178', 'P1178', 'P1178', 'P1178', 'P1178', 'P1178', 'P1178', 'P1178', 'P1178', 'P1178', 'P1178', 'P1178', 'P1178', 'P1178', 'P1178', 'P1178', 'P1178', 'P1178', 'P1178', 'P1178', 'P1178', 'P1178', 'P1178', 'P1178', 'P1178', 'P1178', 'P1178', 'P1178', 'P1178', 'P1178', 'P1178', 'P1178', 'P1178', 'P1178', 'P1178', 'P1178', 'P1178', 'P1178', 'P1178', 'P1178', 'P1178', 'P1178', 'P1178', 'P1178', 'P1178', 'P1178', 'P1178', 'P1178', 'P1178', 'P1178', 'P1178', 'P1178', 'P1178', 'P1178', 'P1178', 'P1178', 'P1178', 'P1178', 'P1178', 'P1178', 'P1178', 'P1178', 'P1178', 'P1178', 'P1178', 'P1178', 'P1178', 'P1178', 'P1178', 'P1178', 'P1178', 'P1178', 'P1178', 'P1178', 'P1178', 'P1178', 'P1178', 'P1178', 'P1178', 'P1178', 'P1178', 'P1178', 'P1178', 'P1178', 'P1178', 'P1178', 'P1178', 'P1178', 'P1178', 'P1178', 'P1178', 'P1178', 'P1178', 'P1178', 'P1178', 'P1178', 'P1178', 'P1178', 'P1178', 'P1178', 'P1178', 'P1178', 'P1178', 'P1178', 'P1178', 'P1178', 'P1178', 'P1178', 'P1178', 'P1178', 'P1178', 'P1178', 'P1178', 'P1178', 'P1178', 'P1178', 'P1178', 'P1178', 'P1178', 'P1178', 'P1178', 'P1178', 'P1178', 'P1178', 'P1178', 'P1178', 'P1178', 'P1178', 'P1178', 'P1178', 'P1178', 'P1178', 'P1178', 'P1178', 'P1178', 'P1178', 'P1178', 'P1178', 'P1178', 'P1178', 'P1178', 'P1178', 'P1178', 'P1178', 'P1178', 'P1178', 'P1178', 'P1178', 'P1178', 'P1178', 'P1178', 'P1178', 'P1178', 'P1178', 'P1178', 'P1178', 'P1178', 'P1178', 'P1178', 'P1178', 'P1178', 'P1178', 'P1178', 'P1178', 'P1178', 'P1178', 'P1178', 'P1178', 'P1178', 'P1178', 'P1178', 'P1178', 'P1178', 'P1178', 'P1178', 'P1178', 'P1178', 'P1178', 'P1178', 'P1178', 'P1178', 'P1178', 'P1178', 'P1178', 'P1178', 'P1178', 'P1178', 'P1178', 'P1178', 'P1178', 'P1178', 'P1178', 'P1178', 'P1178', 'P1178', 'P1178', 'P1178', 'P1178', 'P1178', 'P1178', 'P1178', 'P1178', 'P1178', 'P1178', 'P1178', 'P1178', 'P1178', 'P1178', 'P1178', 'P1178', 'P1178', 'P1178', 'P1178', 'P1178', 'P1178', 'P1178', 'P1178', 'P1178', 'P1178', 'P1178', 'P1178', 'P1178', 'P1178', 'P1178', 'P1178', 'P1178', 'P1178', 'P1178', 'P1178', 'P1178', 'P1178', 'P1178', 'P1178', 'P1178', 'P1178', 'P1178', 'P1178', 'P1178', 'P1178', 'P1178', 'P1178', 'P1178', 'P1178', 'P1178', 'P1178', 'P1178', 'P1178', 'P1178', 'P1178', 'P1178', 'P1178', 'P1178', 'P1178', 'P1178', 'P1178', 'P1178', 'P1178', 'P1178', 'P1178', 'P1178', 'P1178', 'P1178', 'P1178', 'P1178', 'P1178', 'P1178', 'P1178', 'P1178', 'P1178', 'P1178', 'P1178', 'P1178', 'P1178', 'P1178', 'P1178', 'P1178', 'P1178', 'P1178', 'P1178', 'P1178', 'P1178', 'P1178', 'P1178', 'P1178', 'P1178', 'P1178', 'P1178', 'P1178', 'P1178', 'P1178', 'P1178', 'P1178', 'P1178', 'P1178', 'P1178', 'P1178', 'P1178', 'P1178', 'P1178', 'P1178', 'P1178', 'P1178', 'P1178', 'P1178', 'P1178', 'P1178', 'P1178', 'P1178', 'P1178', 'P1178', 'P1178', 'P1178', 'P1178', 'P1178', 'P1178', 'P1178', 'P1178', 'P1178', 'P1178', 'P1178', 'P1178', 'P1178', 'P1178', 'P1178', 'P1178', 'P1178', 'P1178', 'P1178', 'P1178', 'P1178', 'P1178', 'P1178', 'P1178', 'P1178', 'P1178', 'P1178', 'P1178', 'P1178', 'P1178', 'P1178', 'P1178', 'P1178', 'P1178', 'P1178', 'P1178', 'P1178', 'P1178', 'P1178', 'P1178', 'P1178', 'P1178', 'P1178', 'P1178', 'P1178', 'P1178', 'P1178', 'P1178', 'P1178', 'P1178', 'P1178', 'P1178', 'P1178', 'P1178', 'P1178', 'P1178', 'P1178', 'P1178', 'P1178', 'P1178', 'P1178', 'P1178', 'P1178', 'P1178', 'P1178', 'P1178', 'P1178', 'P1178', 'P1178', 'P1178', 'P1178', 'P1178', 'P1178', 'P1178', 'P1178', 'P1178', 'P1178', 'P1178', 'P1178', 'P1178', 'P1178', 'P1178', 'P1178', 'P1178', 'P1178', 'P1178', 'P1178', 'P1178', 'P1178', 'P1178', 'P1178', 'P1178', 'P1178', 'P1178', 'P1178', 'P1178', 'P1178', 'P1178', 'P1178', 'P1178', 'P1178', 'P1178', 'P1178', 'P1178', 'P1178', 'P1178', 'P1178', 'P1178', 'P1178', 'P1178', 'P1178', 'P1178', 'P1178', 'P1178', 'P1178', 'P1178', 'P1178', 'P1178', 'P1178', 'P1178', 'P1178', 'P1178', 'P1178', 'P1178', 'P1178', 'P1178', 'P1178', 'P1178', 'P1178', 'P1178', 'P1178', 'P1178', 'P1178', 'P1178', 'P1178', 'P1178', 'P1178', 'P1178', 'P1178', 'P1178', 'P1178', 'P1178', 'P1178', 'P1178', 'P1178', 'P1178', 'P1178', 'P1178', 'P1178', 'P1178', 'P1178', 'P1178', 'P1178', 'P1178', 'P1178', 'P1178', 'P1178', 'P1178', 'P1178', 'P1178', 'P1178', 'P1178', 'P1178', 'P1178', 'P1178', 'P1178', 'P1178', 'P1178', 'P1178', 'P1178', 'P1178', 'P1178', 'P1178', 'P1178', 'P1178', 'P1178', 'P1178', 'P1178', 'P1178', 'P1178', 'P1178', 'P1178', 'P1178', 'P1178', 'P1178', 'P1178', 'P1178', 'P1178', 'P1178', 'P1178', 'P1178', 'P1178', 'P1178', 'P1178', 'P1178', 'P1178', 'P1178', 'P1178', 'P1178', 'P1178', 'P1178', 'P1178', 'P1178', 'P1178', 'P1178', 'P1178', 'P1178', 'P1178', 'P1178', 'P1178', 'P1178', 'P1178', 'P1178', 'P1178', 'P1178', 'P1178', 'P1178', 'P1178', 'P1178', 'P1178', 'P1178', 'P1178', 'P1178', 'P1178', 'P1178', 'P1178', 'P1178', 'P1178', 'P1178', 'P1178', 'P1178', 'P1178', 'P1178', 'P1178', 'P1178', 'P1178', 'P1178', 'P1178', 'P1178', 'P1178', 'P1178', 'P1178', 'P1178', 'P1178', 'P1178', 'P1178', 'P1178', 'P1178', 'P1178', 'P1178', 'P1178', 'P1178', 'P1178', 'P1178', 'P1178', 'P1178', 'P1178', 'P1178', 'P1178', 'P1178', 'P1178', 'P1178', 'P1178', 'P1178', 'P1178', 'P1178', 'P1178', 'P1178', 'P1178', 'P1178', 'P1178', 'P1178', 'P1178', 'P1178', 'P1178', 'P1178', 'P1178', 'P1178', 'P1178', 'P1178', 'P1178', 'P1178', 'P1178', 'P1178', 'P1178', 'P1178', 'P1178', 'P1178', 'P1178', 'P1178', 'P1178', 'P1178', 'P1178', 'P1178', 'P1178', 'P1178', 'P1178', 'P1178', 'P1178', 'P1178', 'P1178', 'P1178', 'P1178', 'P1178', 'P1178', 'P1178', 'P1178', 'P1178', 'P1178', 'P1178', 'P1178', 'P1178', 'P1178', 'P1178', 'P1178', 'P1178', 'P1178', 'P1178', 'P1178', 'P1178', 'P1178', 'P1178', 'P1178', 'P1178', 'P1178', 'P1178', 'P1178', 'P1178', 'P1178', 'P1178', 'P1178', 'P1178', 'P1178', 'P1178', 'P1178', 'P1178', 'P1178', 'P1178', 'P1178', 'P1178', 'P1178', 'P1178', 'P1178', 'P1178', 'P1178', 'P1178', 'P1178', 'P1178', 'P1178', 'P1178', 'P1178', 'P1178', 'P1178', 'P1178', 'P1178', 'P1178', 'P1178', 'P1178', 'P1178', 'P1178', 'P1178', 'P1178', 'P1178', 'P1178', 'P1178', 'P1178', 'P1178', 'P1178', 'P1178', 'P1178', 'P1178', 'P1178', 'P1178', 'P1178', 'P1178', 'P1178', 'P1178', 'P1178', 'P1178', 'P1178', 'P1178', 'P1178', 'P1178', 'P1178', 'P1178', 'P1178', 'P1178', 'P1178', 'P1178', 'P1178', 'P1178', 'P1178', 'P1178', 'P1178', 'P1178', 'P1178', 'P1178', 'P1178', 'P1178', 'P1178', 'P1178', 'P1178', 'P1178', 'P1178', 'P1178', 'P1178', 'P1178', 'P1178', 'P1178', 'P1178', 'P1178', 'P1178', 'P1178', 'P1178', 'P1178', 'P1178', 'P1178', 'P1178', 'P1178', 'P1178', 'P1178', 'P1178', 'P1178', 'P1178', 'P1178', 'P1178', 'P1178', 'P1178', 'P1178', 'P1178', 'P1178', 'P1178', 'P1178', 'P1178', 'P1178', 'P1178', 'P1178', 'P1178', 'P1178', 'P1178', 'P1178', 'P1178', 'P1178', 'P1178', 'P1178', 'P1178', 'P1178', 'P1178', 'P1178', 'P1178', 'P1178', 'P1178', 'P1178', 'P1178', 'P1178', 'P1178', 'P1178', 'P1178', 'P1178', 'P1178', 'P1178', 'P1178', 'P1178', 'P1178', 'P1178', 'P1178', 'P1178', 'P1178', 'P1178', 'P1178', 'P1178', 'P1178', 'P1178', 'P1178', 'P1178', 'P1178', 'P1178', 'P1178', 'P1178', 'P1178', 'P1178', 'P1178', 'P1178', 'P1178', 'P1178', 'P1178', 'P1178', 'P1178', 'P1178', 'P1178', 'P1178', 'P1178', 'P1178', 'P1178', 'P1178', 'P1178', 'P1178', 'P1178', 'P1178', 'P1178', 'P1178', 'P1178', 'P1178', 'P1178', 'P1178', 'P1178', 'P1178', 'P1178', 'P1178', 'P1178', 'P1178', 'P1178', 'P1178', 'P1178', 'P1178', 'P1178', 'P1178', 'P1178', 'P1178', 'P1178', 'P1178', 'P1178', 'P1178', 'P1178', 'P1178', 'P1178', 'P1178', 'P1178', 'P1178', 'P1178', 'P1178', 'P1178', 'P1178', 'P1178', 'P1178', 'P1178', 'P1178', 'P1178', 'P1178', 'P1178', 'P1178', 'P1178', 'P1178', 'P1178', 'P1178', 'P1178', 'P1178', 'P1178', 'P1178', 'P1178', 'P1178', 'P1178', 'P1178', 'P1178', 'P1178', 'P1178', 'P1178', 'P1178', 'P1178', 'P1178', 'P1178', 'P1178', 'P1178', 'P1178', 'P1178', 'P1178', 'P1178', 'P1178', 'P1178', 'P1178', 'P1178', 'P1178', 'P1178', 'P1178', 'P1178', 'P1178', 'P1178', 'P1178', 'P1178', 'P1178', 'P1178', 'P1178', 'P1178', 'P1178', 'P1178', 'P1178', 'P1178', 'P1178', 'P1178', 'P1178', 'P1178', 'P1178', 'P1178', 'P1178', 'P1178', 'P1178', 'P1178', 'P1178', 'P1178', 'P1178', 'P1178', 'P1178', 'P1178', 'P1178', 'P1178', 'P1178', 'P1178', 'P1178', 'P1178', 'P1178', 'P1178', 'P1178', 'P1178', 'P1178', 'P1178', 'P1178', 'P1178', 'P1178', 'P1178', 'P1178', 'P1178', 'P1178', 'P1178', 'P1178', 'P1178', 'P1178', 'P1178', 'P1178', 'P1178', 'P1178', 'P1178', 'P1178', 'P1178', 'P1178', 'P1178', 'P1178', 'P1178', 'P1178', 'P1178', 'P1178', 'P1178', 'P1178', 'P1178', 'P1178', 'P1178', 'P1178', 'P1178', 'P1178', 'P1178', 'P1178', 'P1178', 'P1178', 'P1178', 'P1178', 'P1178', 'P1178', 'P1178', 'P1178', 'P1178', 'P1178', 'P1178', 'P1178', 'P1178', 'P1178', 'P1178', 'P1178', 'P1178', 'P1178', 'P1178', 'P1178', 'P1178', 'P1178', 'P1178', 'P1178', 'P1178', 'P1178', 'P1178', 'P1178', 'P1178', 'P1178', 'P1178', 'P1178', 'P1178', 'P1178', 'P1178', 'P1178', 'P1178', 'P1178', 'P1178', 'P1178', 'P1178', 'P1178', 'P1178', 'P1178', 'P1178', 'P1178', 'P1178', 'P1178', 'P1178', 'P1178', 'P1178', 'P1178', 'P1178', 'P1178', 'P1178', 'P1178', 'P1178', 'P1178', 'P1178', 'P1178', 'P1178', 'P1178', 'P1178', 'P1178', 'P1178', 'P1178', 'P1178', 'P1178', 'P1178', 'P1178', 'P1178', 'P1178', 'P1178', 'P1178', 'P1178', 'P1178', 'P1178', 'P1178', 'P1178', 'P1178', 'P1178', 'P1178', 'P1178', 'P1178', 'P1178', 'P1178', 'P1178', 'P1178', 'P1178', 'P1178', 'P1178', 'P1178', 'P1178', 'P1178', 'P1178', 'P1178', 'P1178', 'P1178', 'P1178', 'P1178', 'P1178', 'P1178', 'P1178', 'P1178', 'P1178', 'P1178', 'P1178', 'P1178', 'P1178', 'P1178', 'P1178', 'P1178', 'P1178', 'P1178', 'P1178', 'P1178', 'P1178', 'P1178', 'P1178', 'P1178', 'P1178', 'P1178', 'P1178', 'P1178', 'P1178', 'P1178', 'P1178', 'P1178', 'P1178', 'P1178', 'P1178', 'P1178', 'P1178', 'P1178', 'P1178', 'P1178', 'P1178', 'P1178', 'P1178', 'P1178', 'P1178', 'P1178', 'P1178', 'P1178', 'P1178', 'P1178', 'P1178', 'P1178', 'P1178', 'P1178', 'P1178', 'P1178', 'P1178', 'P1178', 'P1178', 'P1178', 'P1178', 'P1178', 'P1178', 'P1178', 'P1178', 'P1178', 'P1178', 'P1178', 'P1178', 'P1178', 'P1178', 'P1178', 'P1178', 'P1178', 'P1178', 'P1178', 'P1178', 'P1178', 'P1178', 'P1178', 'P1178', 'P1178', 'P1178', 'P1178', 'P1178', 'P1178', 'P1178', 'P1178', 'P1178', 'P1178', 'P1178', 'P1178', 'P1178', 'P1178', 'P1178', 'P1178', 'P1178', 'P1178', 'P1178', 'P1178', 'P1178', 'P1178', 'P1178', 'P1178', 'P1178', 'P1178', 'P1178', 'P1178', 'P1178', 'P1178', 'P1178', 'P1178', 'P1178', 'P1178', 'P1178', 'P1178', 'P1178', 'P1178', 'P1178', 'P1178', 'P1178', 'P1178', 'P1178', 'P1178', 'P1178', 'P1178', 'P1178', 'P1178', 'P1178', 'P1178', 'P1178', 'P1178', 'P1178', 'P1178', 'P1178', 'P1178', 'P1178', 'P1178', 'P1178', 'P1178', 'P1178', 'P1178', 'P1178', 'P1178', 'P1178', 'P1178', 'P1178', 'P1178', 'P1178', 'P1178', 'P1178', 'P1178', 'P1178', 'P1178', 'P1178', 'P1178', 'P1178', 'P1178', 'P1178', 'P1178', 'P1178', 'P1178', 'P1178', 'P1178', 'P1178', 'P1178', 'P1178', 'P1178', 'P1178', 'P1178', 'P1178', 'P1178', 'P1178', 'P1178', 'P1178', 'P1178', 'P1178', 'P1178', 'P1178', 'P1178', 'P1178', 'P1178', 'P1178', 'P1178', 'P1178', 'P1178', 'P1178', 'P1178', 'P1178', 'P1178', 'P1178', 'P1178', 'P1178', 'P1178', 'P1178', 'P1178', 'P1178', 'P1178', 'P1178', 'P1178', 'P1178', 'P1178', 'P1178', 'P1178', 'P1178', 'P1178', 'P1178', 'P1178', 'P1178', 'P1178', 'P1178', 'P1178', 'P1178', 'P1178', 'P1178', 'P1178', 'P1178', 'P1178', 'P1178', 'P1178', 'P1178', 'P1178', 'P1178', 'P1178', 'P1178', 'P1178', 'P1178', 'P1178', 'P1178', 'P1178', 'P1178', 'P1178', 'P1178', 'P1178', 'P1178', 'P1178', 'P1178', 'P1178', 'P1178', 'P1178', 'P1178', 'P1178', 'P1178', 'P1178', 'P1178', 'P1178', 'P1178', 'P1178', 'P1178', 'P1178', 'P1178', 'P1178', 'P1178', 'P1178', 'P1178', 'P1178', 'P1178', 'P1178', 'P1178', 'P1178', 'P1178', 'P1178', 'P1178', 'P1178', 'P1178', 'P1178', 'P1178', 'P1178', 'P1178', 'P1178', 'P1178', 'P1178', 'P1178', 'P1178', 'P1178', 'P1178', 'P1178', 'P1178', 'P1178', 'P1178', 'P1178', 'P1178', 'P1178', 'P1178', 'P1178', 'P1178', 'P1178', 'P1178', 'P1178', 'P1178', 'P1178', 'P1178', 'P1178', 'P1178', 'P1178', 'P1178', 'P1178', 'P1178', 'P1178', 'P1178', 'P1178', 'P1178', 'P1178', 'P1178', 'P1178', 'P1178', 'P1178', 'P1178', 'P1178', 'P1178', 'P1178', 'P1178', 'P1178', 'P1178', 'P1178', 'P1178', 'P1178', 'P1178', 'P1178', 'P1178', 'P1178', 'P1178', 'P1178', 'P1178', 'P1178', 'P1178', 'P1178', 'P1178', 'P1178', 'P1178', 'P1178', 'P1178', 'P1178', 'P1178', 'P1178', 'P1178', 'P1178', 'P1178', 'P1178', 'P1178', 'P1178', 'P1178', 'P1178', 'P1178', 'P1178', 'P1178', 'P1178', 'P1178', 'P1178', 'P1178', 'P1178', 'P1178', 'P1178', 'P1178', 'P1178', 'P1178', 'P1178', 'P1178', 'P1178', 'P1178', 'P1178', 'P1178', 'P1178', 'P1178', 'P1178', 'P1178', 'P1178', 'P1178', 'P1178', 'P1178', 'P1178', 'P1178', 'P1178', 'P1178', 'P1178', 'P1178', 'P1178', 'P1178', 'P1178', 'P1178', 'P1178', 'P1178', 'P1178', 'P1178', 'P1178', 'P1178', 'P1178', 'P1178', 'P1178', 'P1178', 'P1178', 'P1178', 'P1178', 'P1178', 'P1178', 'P1178', 'P1178', 'P1178', 'P1178', 'P1178', 'P1178', 'P1178', 'P1178', 'P1178', 'P1178', 'P1178', 'P1178', 'P1178', 'P1178', 'P1178', 'P1178', 'P1178', 'P1178', 'P1178', 'P1178', 'P1178', 'P1178', 'P1178', 'P1178', 'P1178', 'P1178', 'P1178', 'P1178', 'P1178', 'P1178', 'P1178', 'P1178', 'P1178', 'P1178', 'P1178', 'P1178', 'P1178', 'P1178', 'P1178', 'P1178', 'P1178', 'P1178', 'P1178', 'P1178', 'P1178', 'P1178', 'P1178', 'P1178', 'P1178', 'P1178', 'P1178', 'P1178', 'P1178', 'P1178', 'P1178', 'P1178', 'P1178', 'P1178', 'P1178', 'P1178', 'P1178', 'P1178', 'P1178', 'P1178', 'P1178', 'P1178', 'P1178', 'P1178', 'P1178', 'P1178', 'P1178', 'P1178', 'P1178', 'P1178', 'P1178', 'P1178', 'P1178', 'P1178', 'P1178', 'P1178', 'P1178', 'P1178', 'P1178', 'P1178', 'P1178', 'P1178', 'P1178', 'P1178', 'P1178', 'P1178', 'P1178', 'P1178', 'P1178', 'P1178', 'P1178', 'P1178', 'P1178', 'P1178', 'P1178', 'P1178', 'P1178', 'P1178', 'P1178', 'P1178', 'P1178', 'P1178', 'P1178', 'P1178', 'P1178', 'P1178', 'P1178', 'P1178', 'P1178', 'P1178', 'P1178', 'P1178', 'P1178', 'P1178', 'P1178', 'P1178', 'P1178', 'P1178', 'P1178', 'P1178', 'P1178', 'P1178', 'P1178', 'P1178', 'P1178', 'P1178', 'P1178', 'P1178', 'P1178', 'P1178', 'P1178', 'P1178', 'P1178', 'P1178', 'P1178', 'P1178', 'P1178', 'P1178', 'P1178', 'P1178', 'P1178', 'P1178', 'P1178', 'P1178', 'P1178', 'P1178', 'P1178', 'P1178', 'P1178', 'P1178', 'P1178', 'P1178', 'P1178', 'P1178', 'P1178', 'P1178', 'P1178', 'P1178', 'P1178', 'P1178', 'P1178
Last model ouptut:
['616B1', '616B2', 'TNK 804', 'FCV1181-1', 'ST-39', 'P-9007', 'PMP-802', 'PME5306', 'PSV-1181-2', 'P1178', 'DCVP1178NA-2', 'P1178', 'P1178', 'P1178', 'P1178', 'P1178', 'P1178', 'P1178', 'P1178', 'P1178', 'P1178', 'P1178', 'P1178', 'P1178', 'P1178', 'P1178', 'P1178', 'P1178', 'P1178', 'P1178', 'P1178', 'P1178', 'P1178', 'P1178', 'P1178', 'P1178', 'P1178', 'P1178', 'P1178', 'P1178', 'P1178', 'P1178', 'P1178', 'P1178', 'P1178', 'P1178', 'P1178', 'P1178', 'P1178', 'P1178', 'P1178', 'P1178', 'P1178', 'P1178', 'P1178', 'P1178', 'P1178', 'P1178', 'P1178', 'P1178', 'P1178', 'P1178', 'P1178', 'P1178', 'P1178', 'P1178', 'P1178', 'P1178', 'P1178', 'P1178', 'P1178', 'P1178', 'P1178', 'P1178', 'P1178', 'P1178', 'P1178', 'P1178', 'P1178', 'P1178', 'P1178', 'P1178', 'P1178', 'P1178', 'P1178', 'P1178', 'P1178', 'P1178', 'P1178', 'P1178', 'P1178', 'P1178', 'P1178', 'P1178', 'P1178', 'P1178', 'P1178', 'P1178', 'P1178', 'P1178', 'P1178', 'P1178', 'P1178', 'P1178', 'P1178', 'P1178', 'P1178', 'P1178', 'P1178', 'P1178', 'P1178', 'P1178', 'P1178', 'P1178', 'P1178', 'P1178', 'P1178', 'P1178', 'P1178', 'P1178', 'P1178', 'P1178', 'P1178', 'P1178', 'P1178', 'P1178', 'P1178', 'P1178', 'P1178', 'P1178', 'P1178', 'P1178', 'P1178', 'P1178', 'P1178', 'P1178', 'P1178', 'P1178', 'P1178', 'P1178', 'P1178', 'P1178', 'P1178', 'P1178', 'P1178', 'P1178', 'P1178', 'P1178', 'P1178', 'P1178', 'P1178', 'P1178', 'P1178', 'P1178', 'P1178', 'P1178', 'P1178', 'P1178', 'P1178', 'P1178', 'P1178', 'P1178', 'P1178', 'P1178', 'P1178', 'P1178', 'P1178', 'P1178', 'P1178', 'P1178', 'P1178', 'P1178', 'P1178', 'P1178', 'P1178', 'P1178', 'P1178', 'P1178', 'P1178', 'P1178', 'P1178', 'P1178', 'P1178', 'P1178', 'P1178', 'P1178', 'P1178', 'P1178', 'P1178', 'P1178', 'P1178', 'P1178', 'P1178', 'P1178', 'P1178', 'P1178', 'P1178', 'P1178', 'P1178', 'P1178', 'P1178', 'P1178', 'P1178', 'P1178', 'P1178', 'P1178', 'P1178', 'P1178', 'P1178', 'P1178', 'P1178', 'P1178', 'P1178', 'P1178', 'P1178', 'P1178', 'P1178', 'P1178', 'P1178', 'P1178', 'P1178', 'P1178', 'P1178', 'P1178', 'P1178', 'P1178', 'P1178', 'P1178', 'P1178', 'P1178', 'P1178', 'P1178', 'P1178', 'P1178', 'P1178', 'P1178', 'P1178', 'P1178', 'P1178', 'P1178', 'P1178', 'P1178', 'P1178', 'P1178', 'P1178', 'P1178', 'P1178', 'P1178', 'P1178', 'P1178', 'P1178', 'P1178', 'P1178', 'P1178', 'P1178', 'P1178', 'P1178', 'P1178', 'P1178', 'P1178', 'P1178', 'P1178', 'P1178', 'P1178', 'P1178', 'P1178', 'P1178', 'P1178', 'P1178', 'P1178', 'P1178', 'P1178', 'P1178', 'P1178', 'P1178', 'P1178', 'P1178', 'P1178', 'P1178', 'P1178', 'P1178', 'P1178', 'P1178', 'P1178', 'P1178', 'P1178', 'P1178', 'P1178', 'P1178', 'P1178', 'P1178', 'P1178', 'P1178', 'P1178', 'P1178', 'P1178', 'P1178', 'P1178', 'P1178', 'P1178', 'P1178', 'P1178', 'P1178', 'P1178', 'P1178', 'P1178', 'P1178', 'P1178', 'P1178', 'P1178', 'P1178', 'P1178', 'P1178', 'P1178', 'P1178', 'P1178', 'P1178', 'P1178', 'P1178', 'P1178', 'P1178', 'P1178', 'P1178', 'P1178', 'P1178', 'P1178', 'P1178', 'P1178', 'P1178', 'P1178', 'P1178', 'P1178', 'P1178', 'P1178', 'P1178', 'P1178', 'P1178', 'P1178', 'P1178', 'P1178', 'P1178', 'P1178', 'P1178', 'P1178', 'P1178', 'P1178', 'P1178', 'P1178', 'P1178', 'P1178', 'P1178', 'P1178', 'P1178', 'P1178', 'P1178', 'P1178', 'P1178', 'P1178', 'P1178', 'P1178', 'P1178', 'P1178', 'P1178', 'P1178', 'P1178', 'P1178', 'P1178', 'P1178', 'P1178', 'P1178', 'P1178', 'P1178', 'P1178', 'P1178', 'P1178', 'P1178', 'P1178', 'P1178', 'P1178', 'P1178', 'P1178', 'P1178', 'P1178', 'P1178', 'P1178', 'P1178', 'P1178', 'P1178', 'P1178', 'P1178', 'P1178', 'P1178', 'P1178', 'P1178', 'P1178', 'P1178', 'P1178', 'P1178', 'P1178', 'P1178', 'P1178', 'P1178', 'P1178', 'P1178', 'P1178', 'P1178', 'P1178', 'P1178', 'P1178', 'P1178', 'P1178', 'P1178', 'P1178', 'P1178', 'P1178', 'P1178', 'P1178', 'P1178', 'P1178', 'P1178', 'P1178', 'P1178', 'P1178', 'P1178', 'P1178', 'P1178', 'P1178', 'P1178', 'P1178', 'P1178', 'P1178', 'P1178', 'P1178', 'P1178', 'P1178', 'P1178', 'P1178', 'P1178', 'P1178', 'P1178', 'P1178', 'P1178', 'P1178', 'P1178', 'P1178', 'P1178', 'P1178', 'P1178', 'P1178', 'P1178', 'P1178', 'P1178', 'P1178', 'P1178', 'P1178', 'P1178', 'P1178', 'P1178', 'P1178', 'P1178', 'P1178', 'P1178', 'P1178', 'P1178', 'P1178', 'P1178', 'P1178', 'P1178', 'P1178', 'P1178', 'P1178', 'P1178', 'P1178', 'P1178', 'P1178', 'P1178', 'P1178', 'P1178', 'P1178', 'P1178', 'P1178', 'P1178', 'P1178', 'P1178', 'P1178', 'P1178', 'P1178', 'P1178', 'P1178', 'P1178', 'P1178', 'P1178', 'P1178', 'P1178', 'P1178', 'P1178', 'P1178', 'P1178', 'P1178', 'P1178', 'P1178', 'P1178', 'P1178', 'P1178', 'P1178', 'P1178', 'P1178', 'P1178', 'P1178', 'P1178', 'P1178', 'P1178', 'P1178', 'P1178', 'P1178', 'P1178', 'P1178', 'P1178', 'P1178', 'P1178', 'P1178', 'P1178', 'P1178', 'P1178', 'P1178', 'P1178', 'P1178', 'P1178', 'P1178', 'P1178', 'P1178', 'P1178', 'P1178', 'P1178', 'P1178', 'P1178', 'P1178', 'P1178', 'P1178', 'P1178', 'P1178', 'P1178', 'P1178', 'P1178', 'P1178', 'P1178', 'P1178', 'P1178', 'P1178', 'P1178', 'P1178', 'P1178', 'P1178', 'P1178', 'P1178', 'P1178', 'P1178', 'P1178', 'P1178', 'P1178', 'P1178', 'P1178', 'P1178', 'P1178', 'P1178', 'P1178', 'P1178', 'P1178', 'P1178', 'P1178', 'P1178', 'P1178', 'P1178', 'P1178', 'P1178', 'P1178', 'P1178', 'P1178', 'P1178', 'P1178', 'P1178', 'P1178', 'P1178', 'P1178', 'P1178', 'P1178', 'P1178', 'P1178', 'P1178', 'P1178', 'P1178', 'P1178', 'P1178', 'P1178', 'P1178', 'P1178', 'P1178', 'P1178', 'P1178', 'P1178', 'P1178', 'P1178', 'P1178', 'P1178', 'P1178', 'P1178', 'P1178', 'P1178', 'P1178', 'P1178', 'P1178', 'P1178', 'P1178', 'P1178', 'P1178', 'P1178', 'P1178', 'P1178', 'P1178', 'P1178', 'P1178', 'P1178', 'P1178', 'P1178', 'P1178', 'P1178', 'P1178', 'P1178', 'P1178', 'P1178', 'P1178', 'P1178', 'P1178', 'P1178', 'P1178', 'P1178', 'P1178', 'P1178', 'P1178', 'P1178', 'P1178', 'P1178', 'P1178', 'P1178', 'P1178', 'P1178', 'P1178', 'P1178', 'P1178', 'P1178', 'P1178', 'P1178', 'P1178', 'P1178', 'P1178', 'P1178', 'P1178', 'P1178', 'P1178', 'P1178', 'P1178', 'P1178', 'P1178', 'P1178', 'P1178', 'P1178', 'P1178', 'P1178', 'P1178', 'P1178', 'P1178', 'P1178', 'P1178', 'P1178', 'P1178', 'P1178', 'P1178', 'P1178', 'P1178', 'P1178', 'P1178', 'P1178', 'P1178', 'P1178', 'P1178', 'P1178', 'P1178', 'P1178', 'P1178', 'P1178', 'P1178', 'P1178', 'P1178', 'P1178', 'P1178', 'P1178', 'P1178', 'P1178', 'P1178', 'P1178', 'P1178', 'P1178', 'P1178', 'P1178', 'P1178', 'P1178', 'P1178', 'P1178', 'P1178', 'P1178', 'P1178', 'P1178', 'P1178', 'P1178', 'P1178', 'P1178', 'P1178', 'P1178', 'P1178', 'P1178', 'P1178', 'P1178', 'P1178', 'P1178', 'P1178', 'P1178', 'P1178', 'P1178', 'P1178', 'P1178', 'P1178', 'P1178', 'P1178', 'P1178', 'P1178', 'P1178', 'P1178', 'P1178', 'P1178', 'P1178', 'P1178', 'P1178', 'P1178', 'P1178', 'P1178', 'P1178', 'P1178', 'P1178', 'P1178', 'P1178', 'P1178', 'P1178', 'P1178', 'P1178', 'P1178', 'P1178', 'P1178', 'P1178', 'P1178', 'P1178', 'P1178', 'P1178', 'P1178', 'P1178', 'P1178', 'P1178', 'P1178', 'P1178', 'P1178', 'P1178', 'P1178', 'P1178', 'P1178', 'P1178', 'P1178', 'P1178', 'P1178', 'P1178', 'P1178', 'P1178', 'P1178', 'P1178', 'P1178', 'P1178', 'P1178', 'P1178', 'P1178', 'P1178', 'P1178', 'P1178', 'P1178', 'P1178', 'P1178', 'P1178', 'P1178', 'P1178', 'P1178', 'P1178', 'P1178', 'P1178', 'P1178', 'P1178', 'P1178', 'P1178', 'P1178', 'P1178', 'P1178', 'P1178', 'P1178', 'P1178', 'P1178', 'P1178', 'P1178', 'P1178', 'P1178', 'P1178', 'P1178', 'P1178', 'P1178', 'P1178', 'P1178', 'P1178', 'P1178', 'P1178', 'P1178', 'P1178', 'P1178', 'P1178', 'P1178', 'P1178', 'P1178', 'P1178', 'P1178', 'P1178', 'P1178', 'P1178', 'P1178', 'P1178', 'P1178', 'P1178', 'P1178', 'P1178', 'P1178', 'P1178', 'P1178', 'P1178', 'P1178', 'P1178', 'P1178', 'P1178', 'P1178', 'P1178', 'P1178', 'P1178', 'P1178', 'P1178', 'P1178', 'P1178', 'P1178', 'P1178', 'P1178', 'P1178', 'P1178', 'P1178', 'P1178', 'P1178', 'P1178', 'P1178', 'P1178', 'P1178', 'P1178', 'P1178', 'P1178', 'P1178', 'P1178', 'P1178', 'P1178', 'P1178', 'P1178', 'P1178', 'P1178', 'P1178', 'P1178', 'P1178', 'P1178', 'P1178', 'P1178', 'P1178', 'P1178', 'P1178', 'P1178', 'P1178', 'P1178', 'P1178', 'P1178', 'P1178', 'P1178', 'P1178', 'P1178', 'P1178', 'P1178', 'P1178', 'P1178', 'P1178', 'P1178', 'P1178', 'P1178', 'P1178', 'P1178', 'P1178', 'P1178', 'P1178', 'P1178', 'P1178', 'P1178', 'P1178', 'P1178', 'P1178', 'P1178', 'P1178', 'P1178', 'P1178', 'P1178', 'P1178', 'P1178', 'P1178', 'P1178', 'P1178', 'P1178', 'P1178', 'P1178', 'P1178', 'P1178', 'P1178', 'P1178', 'P1178', 'P1178', 'P1178', 'P1178', 'P1178', 'P1178', 'P1178', 'P1178', 'P1178', 'P1178', 'P1178', 'P1178', 'P1178', 'P1178', 'P1178', 'P1178', 'P1178', 'P1178', 'P1178', 'P1178', 'P1178', 'P1178', 'P1178', 'P1178', 'P1178', 'P1178', 'P1178', 'P1178', 'P1178', 'P1178', 'P1178', 'P1178', 'P1178', 'P1178', 'P1178', 'P1178', 'P1178', 'P1178', 'P1178', 'P1178', 'P1178', 'P1178', 'P1178', 'P1178', 'P1178', 'P1178', 'P1178', 'P1178', 'P1178', 'P1178', 'P1178', 'P1178', 'P1178', 'P1178', 'P1178', 'P1178', 'P1178', 'P1178', 'P1178', 'P1178', 'P1178', 'P1178', 'P1178', 'P1178', 'P1178', 'P1178', 'P1178', 'P1178', 'P1178', 'P1178', 'P1178', 'P1178', 'P1178', 'P1178', 'P1178', 'P1178', 'P1178', 'P1178', 'P1178', 'P1178', 'P1178', 'P1178', 'P1178', 'P1178', 'P1178', 'P1178', 'P1178', 'P1178', 'P1178', 'P1178', 'P1178', 'P1178', 'P1178', 'P1178', 'P1178', 'P1178', 'P1178', 'P1178', 'P1178', 'P1178', 'P1178', 'P1178', 'P1178', 'P1178', 'P1178', 'P1178', 'P1178', 'P1178', 'P1178', 'P1178', 'P1178', 'P1178', 'P1178', 'P1178', 'P1178', 'P1178', 'P1178', 'P1178', 'P1178', 'P1178', 'P1178', 'P1178', 'P1178', 'P1178', 'P1178', 'P1178', 'P1178', 'P1178', 'P1178', 'P1178', 'P1178', 'P1178', 'P1178', 'P1178', 'P1178', 'P1178', 'P1178', 'P1178', 'P1178', 'P1178', 'P1178', 'P1178', 'P1178', 'P1178', 'P1178', 'P1178', 'P1178', 'P1178', 'P1178', 'P1178', 'P1178', 'P1178', 'P1178', 'P1178', 'P1178', 'P1178', 'P1178', 'P1178', 'P1178', 'P1178', 'P1178', 'P1178', 'P1178', 'P1178', 'P1178', 'P1178', 'P1178', 'P1178', 'P1178', 'P1178', 'P1178', 'P1178', 'P1178', 'P1178', 'P1178', 'P1178', 'P1178', 'P1178', 'P1178', 'P1178', 'P1178', 'P1178', 'P1178', 'P1178', 'P1178', 'P1178', 'P1178', 'P1178', 'P1178', 'P1178', 'P1178', 'P1178', 'P1178', 'P1178', 'P1178', 'P1178', 'P1178', 'P1178', 'P1178', 'P1178', 'P1178', 'P1178', 'P1178', 'P1178', 'P1178', 'P1178', 'P1178', 'P1178', 'P1178', 'P1178', 'P1178', 'P1178', 'P1178', 'P1178', 'P1178', 'P1178', 'P1178', 'P1178', 'P1178', 'P1178', 'P1178', 'P1178', 'P1178', 'P1178', 'P1178', 'P1178', 'P1178', 'P1178', 'P1178', 'P1178', 'P1178', 'P1178', 'P1178', 'P1178', 'P1178', 'P1178', 'P1178', 'P1178', 'P1178', 'P1178', 'P1178', 'P1178', 'P1178', 'P1178', 'P1178', 'P1178', 'P1178', 'P1178', 'P1178', 'P1178', 'P1178', 'P1178', 'P1178', 'P1178', 'P1178', 'P1178', 'P1178', 'P1178', 'P1178', 'P1178', 'P1178', 'P1178', 'P1178', 'P1178', 'P1178', 'P1178', 'P1178', 'P1178', 'P1178', 'P1178', 'P1178', 'P1178', 'P1178', 'P1178', 'P1178', 'P1178', 'P1178', 'P1178', 'P1178', 'P1178', 'P1178', 'P1178', 'P1178', 'P1178', 'P1178', 'P1178', 'P1178', 'P1178', 'P1178', 'P1178', 'P1178', 'P1178', 'P1178', 'P1178', 'P1178', 'P1178', 'P1178', 'P1178', 'P1178', 'P1178', 'P1178', 'P1178', 'P1178', 'P1178', 'P1178', 'P1178', 'P1178', 'P1178', 'P1178', 'P1178', 'P1178', 'P1178', 'P1178', 'P1178', 'P1178', 'P1178', 'P1178', 'P1178', 'P1178', 'P1178', 'P1178', 'P1178', 'P1178', 'P1178', 'P1178', 'P1178', 'P1178', 'P1178', 'P1178', 'P1178', 'P1178', 'P1178', 'P1178', 'P1178', 'P1178', 'P1178', 'P1178', 'P1178', 'P1178', 'P1178', 'P1178', 'P1178', 'P1178', 'P1178', 'P1178', 'P1178', 'P1178', 'P1178', 'P1178', 'P1178', 'P1178', 'P1178', 'P1178', 'P1178', 'P1178', 'P1178', 'P1178', 'P1178', 'P1178', 'P1178', 'P1178', 'P1178', 'P1178', 'P1178', 'P1178', 'P1178', 'P1178', 'P1178', 'P1178', 'P1178', 'P1178', 'P1178', 'P1178', 'P1178', 'P1178', 'P1178', 'P1178', 'P1178', 'P1178', 'P1178', 'P1178', 'P1178', 'P1178', 'P1178', 'P1178', 'P1178', 'P1178', 'P1178', 'P1178', 'P1178', 'P1178', 'P1178', 'P1178', 'P1178', 'P1178', 'P1178', 'P1178', 'P1178', 'P1178', 'P1178', 'P1178', 'P1178', 'P1178', 'P1178', 'P1178', 'P1178', 'P1178', 'P1178', 'P1178', 'P1178', 'P1178', 'P1178', 'P1178', 'P1178', 'P1178', 'P1178', 'P1178', 'P1178', 'P1178', 'P1178', 'P1178', 'P1178', 'P1178', 'P1178', 'P1178', 'P1178', 'P1178', 'P1178', 'P1178', 'P1178', 'P1178', 'P1178', 'P1178', 'P1178', 'P1178', 'P1178', 'P1178', 'P1178', 'P1178', 'P1178', 'P1178', 'P1178', 'P1178', 'P1178', 'P1178', 'P1178', 'P1178', 'P1178', 'P1178', 'P1178', 'P1178', 'P1178', 'P1178', 'P1178', 'P1178', 'P1178', 'P1178', 'P1178', 'P1178', 'P1178', 'P1178', 'P1178', 'P1178', 'P1178', 'P1178', 'P1178', 'P1178', 'P1178', 'P1178', 'P1178', 'P1178', 'P1178', 'P1178', 'P1178', 'P1178', 'P1178', 'P1178', 'P1178', 'P1178', 'P1178', 'P1178', 'P1178', 'P1178', 'P1178', 'P1178', 'P1178', 'P1178', 'P1178', 'P1178', 'P1178', 'P1178', 'P1178', 'P1178', 'P1178', 'P1178', 'P1178', 'P1178', 'P1178', 'P1178', 'P1178', 'P1178', 'P1178', 'P1178', 'P1178', 'P1178', 'P1178', 'P1178', 'P1178', 'P1178', 'P1178', 'P1178', 'P1178', 'P1178', 'P1178', 'P1178', 'P1178', 'P1178', 'P1178', 'P1178', 'P1178', 'P1178', 'P1178', 'P1178', 'P1178', 'P1178', 'P1178', 'P1178', 'P1178', 'P1178', 'P1178', 'P1178', 'P1178', 'P1178', 'P1178', 'P1178', 'P1178', 'P1178', 'P1178', 'P1178', 'P1178', 'P1178', 'P1178', 'P1178', 'P1178', 'P1178', 'P1178', 'P1178', 'P1178', 'P1178', 'P1178', 'P1178', 'P1178', 'P1178', 'P1178', 'P1178', 'P1178', 'P1178', 'P1178', 'P1178', 'P1178', 'P1178', 'P1178', 'P1178', 'P1178', 'P1178', 'P1178', 'P1178', 'P1178', 'P1178', 'P1178', 'P1178', 'P1178', 'P1178', 'P1178', 'P1178', 'P1178', 'P1178', 'P1178', 'P1178', 'P1178', 'P1178', 'P1178', 'P1178', 'P1178', 'P1178', 'P1178', 'P1178', 'P1178', 'P1178', 'P1178', 'P1178', 'P1178', 'P1178', 'P1178', 'P1178', 'P1178', 'P1178', 'P1178', 'P1178', 'P1178', 'P1178', 'P1178', 'P1178', 'P1178', 'P1178', 'P1178', 'P1178', 'P1178', 'P1178', 'P1178', 'P1178', 'P1178', 'P1178', 'P1178', 'P1178', 'P1178', 'P1178', 'P1178', 'P1178', 'P1178', 'P1178', 'P1178', 'P1178', 'P1178', 'P1178', 'P1178', 'P1178', 'P1178', 'P1178', 'P1178', 'P1178', 'P1178', 'P1178', 'P1178', 'P1178', 'P1178', 'P1178', 'P1178', 'P1178', 'P1178', 'P1178', 'P1178', 'P1178', 'P1178', 'P1178', 'P1178', 'P1178', 'P1178', 'P1178', 'P1178', 'P1178', 'P1178', 'P1178', 'P1178', 'P1178', 'P1178', 'P1178', 'P1178', 'P1178', 'P1178', 'P1178', 'P1178', 'P1178', 'P1178', 'P1178', 'P1178', 'P1178', 'P1178', 'P1178', 'P1178', 'P1178', 'P1178', 'P1178', 'P1178', 'P1178', 'P1178', 'P1178', 'P1178', 'P1178', 'P1178', 'P1178', 'P1178', 'P1178', 'P1178', 'P1178', 'P1178', 'P1178', 'P1178', 'P1178', 'P1178', 'P1178', 'P1178', 'P1178', 'P1178', 'P1178', 'P1178', 'P1178', 'P1178', 'P1178', 'P1178', 'P1178', 'P1178', 'P1178', 'P1178', 'P1178', 'P1178', 'P1178', 'P1178', 'P1178', 'P1178', 'P1178', 'P1178', 'P1178', 'P1178', 'P1178', 'P1178', 'P1178', 'P1178', 'P1178', 'P1178', 'P1178', 'P1178', 'P1178', 'P1178', 'P1178', 'P1178', 'P1178', 'P1178', 'P1178', 'P1178', 'P1178', 'P1178', 'P1178', 'P1178', 'P1178', 'P1178', 'P1178', 'P1178', 'P1178', 'P1178', 'P1178', 'P1178', 'P1178', 'P1178', 'P1178', 'P1178', 'P1178', 'P1178', 'P1178', 'P1178', 'P1178', 'P1178', 'P1178', 'P1178', 'P1178', 'P1178', 'P1178', 'P1178', 'P1178', 'P1178', 'P1178', 'P1178', 'P1178', 'P1178', 'P1178', 'P1178', 'P1178', 'P1178', 'P1178', 'P1178', 'P1178', 'P1178', 'P1178', 'P1178', 'P1178', 'P1178', 'P1178', 'P1178', 'P1178', 'P1178', 'P1178', 'P1178', 'P1178', 'P1178', 'P1178', 'P1178', 'P1178', 'P1178', 'P1178', 'P1178', 'P1178', 'P1178', 'P1178', 'P1178', 'P1178', 'P1178', 'P1178', 'P1178', 'P1178', 'P1178', 'P1178', 'P1178', 'P1178', 'P1178', 'P1178', 'P1178', 'P1178', 'P1178', 'P1178', 'P1178', 'P1178', 'P1178', 'P1178', 'P1178', 'P1178', 'P1178', 'P1178', 'P1178', 'P1178', 'P1178', 'P1178', 'P1178', 'P1178', 'P1178', 'P1178', 'P1178', 'P1178', 'P1178', 'P1178', 'P1178', 'P1178', 'P1178', 'P1178', 'P1178', 'P1178', 'P1178', 'P1178', 'P1178', 'P1178', 'P1178', 'P1178', 'P1178', 'P1178', 'P1178', 'P1178', 'P1178', 'P1178', 'P1178', 'P1178', 'P1178', 'P1178', 'P1178', 'P1178', 'P1178', 'P1178', 'P1178', 'P1178', 'P1178', 'P1178', 'P1178', 'P1178', 'P1178', 'P1178', 'P1178', 'P1178', 'P1178', 'P1178', 'P1178', 'P1178', 'P1178', 'P1178', 'P1178', 'P1178', 'P1178', 'P1178', 'P1178', 'P1178', 'P1178', 'P1178', 'P1178', 'P1178', 'P1178', 'P1178', 'P1178', 'P1178', 'P1178', 'P1178', 'P1178', 'P1178', 'P1178', 'P1178', 'P1178', 'P1178', 'P1178', 'P1178', 'P1178', 'P1178', 'P1178', 'P1178', 'P1178', 'P1178', 'P1178', 'P1178', 'P1178', 'P1178', 'P1178', 'P1178', 'P1178', 'P1178', 'P1178', 'P1178', 'P1178', 'P1178', 'P1178', 'P1178', 'P1178', 'P1178', 'P1178', 'P1178', 'P1178', 'P1178', 'P1178', 'P1178', 'P1178', 'P1178', 'P1178', 'P1178', 'P1178', 'P1178', 'P1178', 'P1178', 'P1178', 'P1178', 'P1178', 'P1178', 'P1178', 'P1178', 'P1178', 'P1178', 'P1178', 'P1178', 'P1178', 'P1178', 'P1178', 'P1178', 'P1178', 'P1178', 'P1178', 'P1178', 'P1178', 'P1178', 'P1178', 'P1178', 'P1178', 'P1178', 'P1178', 'P1178', 'P1178', 'P1178', 'P1178', 'P1178', 'P1178', 'P1178', 'P1178', 'P1178', 'P1178', 'P1178', 'P1178', 'P1178', 'P1178', 'P1178', 'P1178', 'P1178', 'P1178', 'P1178', 'P1178', 'P1178', 'P1178', 'P1178', 'P1178', 'P1178', 'P1178', 'P1178', 'P1178', 'P1178', 'P1178', 'P1178', 'P1178', 'P1178', 'P1178', 'P1178', 'P1178', 'P1178', 'P1178', 'P1178', 'P1178', 'P1178', 'P1178', 'P1178', 'P1178', 'P1178', 'P1178', 'P1178', 'P1178', 'P1178', 'P1178', 'P1178', 'P1178', 'P1178', 'P1178', 'P1178', 'P1178', 'P1178', 'P1178', 'P1178', 'P1178', 'P1178', 'P1178', 'P1178', 'P1178', 'P1178', 'P1178', 'P1178', 'P1178', 'P1178', 'P1178', 'P1178', 'P1178', 'P1178', 'P1178', 'P1178', 'P1178', 'P1178', 'P1178', 'P1178', 'P1178', 'P1178', 'P1178', 'P1178', 'P1178', 'P1178', 'P1178', 'P1178', 'P1178', 'P1178', 'P1178', 'P1178', 'P1178', 'P1178', 'P1178', 'P1178', 'P1178', 'P1178', 'P1178', 'P1178', 'P1178', 'P1178', 'P1178', 'P1178', 'P1178', 'P1178', 'P1178', 'P1178', 'P1178', 'P1178', 'P1178', 'P1178', 'P1178', 'P1178', 'P1178', 'P1178', 'P1178', 'P1178', 'P1178', 'P1178', 'P1178', 'P1178', 'P1178', 'P1178', 'P1178', 'P1178', 'P1178', 'P1178', 'P1178', 'P1178', 'P1178', 'P1178', 'P1178', 'P1178', 'P1178', 'P1178', 'P1178', 'P1178', 'P1178', 'P1178', 'P1178', 'P1178', 'P1178', 'P1178', 'P1178', 'P1178', 'P1178', 'P1178', 'P1178', 'P1178', 'P1178', 'P1178', 'P1178', 'P1178', 'P1178', 'P1178', 'P1178', 'P1178', 'P1178', 'P1178', 'P1178', 'P1178', 'P1178', 'P1178', 'P1178', 'P1178', 'P1178', 'P1178', 'P1178', 'P1178', 'P1178', 'P1178', 'P1178', 'P1178', 'P1178', 'P1178', 'P1178', 'P1178', 'P1178', 'P1178', 'P1178', 'P1178', 'P1178', 'P1178', 'P1178', 'P1178', 'P1178', 'P1178', 'P1178', 'P1178', 'P1178', 'P1178', 'P1178', 'P1178', 'P1178', 'P1178', 'P1178', 'P1178', 'P1178', 'P1178', 'P1178', 'P1178', 'P1178', 'P1178', 'P1178', 'P1178', 'P1178', 'P1178', 'P1178', 'P1178', 'P1178', 'P1178', 'P1178', 'P1178', 'P1178', 'P1178', 'P1178', 'P1178', 'P1178', 'P1178', 'P1178', 'P1178', 'P1178', 'P1178', 'P1178', 'P1178', 'P1178', 'P1178', 'P1178', 'P1178', 'P1178', 'P1178', 'P1178', 'P1178', 'P1178', 'P1178', 'P1178', 'P1178', 'P1178', 'P1178', 'P1178', 'P1178', 'P1178', 'P1178', 'P1178', 'P1178', 'P1178', 'P1178', 'P1178', 'P1178', 'P1178', 'P1178', 'P1178', 'P1178', 'P1178', 'P1178', 'P1178', 'P1178', 'P1178', 'P1178', 'P1178', 'P1178', 'P1178', 'P1178', 'P1178', 'P1178', 'P1178', 'P1178', 'P1178', 'P1178', 'P1178', 'P1178', 'P1178', 'P1178', 'P1178', 'P1178', 'P1178', 'P1178', 'P1178', 'P1178', 'P1178', 'P1178', 'P1178', 'P1178', 'P1178', 'P1178', 'P1178', 'P1178', 'P1178', 'P1178', 'P1178', 'P1178', 'P1178', 'P1178', 'P1178', 'P1178', 'P1178', 'P1178', 'P1178', 'P1178', 'P1178', 'P1178', 'P1178', 'P1178', 'P1178', 'P1178', 'P1178', 'P1178', 'P1178', 'P1178', 'P1178', 'P1178', 'P1178', 'P1178', 'P1178', 'P1178', 'P1178', 'P1178', 'P1178', 'P1178', 'P1178', 'P1178', 'P1178', 'P1178', 'P1178', 'P1178', 'P1178', 'P1178', 'P1178', 'P1178', 'P1178', 'P1178', 'P1178', 'P1178', 'P1178', 'P1178', 'P1178', 'P1178', 'P1178', 'P1178', 'P1178', 'P1178', 'P1178', 'P1178', 'P1178', 'P1178', 'P1178', 'P1178', 'P1178', 'P1178', 'P1178', 'P1178', 'P1178', 'P1178', 'P1178', 'P1178', 'P1178', 'P1178', 'P1178', 'P1178', 'P1178', 'P1178', 'P1178', 'P1178', 'P1178', 'P1178', 'P1178', 'P1178', 'P1178', 'P1178', 'P1178', 'P1178', 'P1178', 'P1178', 'P1178', 'P1178', 'P1178', 'P1178', 'P1178', 'P1178', 'P1178', 'P1178', 'P1178', 'P1178', 'P1178', 'P1178', 'P1178', 'P1178', 'P1178', 'P1178', 'P1178', 'P1178', 'P1178', 'P1178', 'P1178', 'P1178', 'P1178', 'P1178', 'P1178', 'P1178', 'P1178', 'P1178', 'P1178', 'P1178', 'P1178', 'P1178', 'P1178', 'P1178', 'P1178', 'P1178', 'P1178', 'P1178', 'P1178', 'P1178', 'P1178', 'P1178', 'P1178', 'P1178', 'P1178', 'P1178', 'P1178', 'P1178', 'P1178', 'P1178', 'P1178', 'P1178', 'P1178', 'P1178', 'P1178', 'P1178', 'P1178', 'P1178', 'P1178', 'P1178', 'P1178', 'P1178', 'P1178', 'P1178', 'P1178', 'P1178', 'P1178', 'P1178', 'P1178', 'P1178', 'P1178', 'P1178', 'P1178', 'P1178', 'P1178', 'P1178', 'P1178', 'P1178', 'P1178', 'P1178', 'P1178', 'P1178', 'P1178', 'P1178', 'P1178', 'P1178', 'P1178', 'P1178', 'P1178', 'P1178', 'P1178', 'P1178', 'P1178', 'P1178', 'P1178', 'P1178', 'P1178', 'P1178', 'P1178', 'P1178', 'P1178', 'P1178', 'P1178', 'P1178', 'P1178', 'P1178', 'P1178', 'P1178', 'P1178', 'P1178', 'P1178', 'P1178', 'P1178', 'P1178', 'P1178', 'P1178', 'P1178', 'P1178', 'P1178', 'P1178', 'P1178', 'P1178', 'P1178', 'P1178', 'P1178', 'P1178', 'P1178', 'P1178', 'P1178', 'P1178', 'P1178', 'P1178', 'P1178', 'P1178', 'P1178', 'P1178', 'P1178', 'P1178', 'P1178', 'P1178', 'P1178', 'P1178', 'P1178', 'P1178', 'P1178', 'P1178', 'P1178', 'P1178', 'P1178', 'P1178', 'P1178', 'P1178', 'P1178', 'P1178', 'P1178', 'P1178', 'P1178', 'P1178', 'P1178', 'P1178', 'P1178', 'P1178', 'P1178', 'P1178', 'P1178', 'P1178', 'P1178', 'P1178', 'P1178', 'P1178', 'P1178', 'P1178', 'P1178', 'P1178', 'P1178', 'P1178', 'P1178', 'P1178', 'P1178', 'P1178', 'P1178', 'P1178', 'P1178', 'P1178', 'P1178', 'P1178', 'P1178', 'P1178', 'P1178', 'P1178', 'P1178', 'P1178', 'P1178', 'P1178', 'P1178', 'P1178', 'P1178', 'P1178', 'P1178', 'P1178', 'P1178', 'P1178', 'P1178', 'P1178', 'P1178', 'P1178', 'P1178', 'P1178', 'P1178', 'P1178', 'P1178', 'P1178', 'P1178', 'P1178', 'P1178', 'P1178', 'P1178', 'P1178', 'P1178', 'P1178', 'P1178', 'P1178', 'P1178', 'P1178', 'P1178', 'P1178', 'P1178', 'P1178', 'P1178', 'P1178', 'P1178', 'P1178', 'P1178', 'P1178', 'P1178', 'P1178', 'P1178', 'P1178', 'P1178', 'P1178', 'P1178', 'P1178', 'P1178', 'P1178', 'P1178', 'P1178', 'P1178', 'P1178', 'P1178', 'P1178', 'P1178', 'P1178', 'P1178', 'P1178', 'P1178', 'P1178', 'P1178', 'P1178', 'P1178', 'P1178', 'P1178', 'P1178', 'P1178', 'P1178', 'P1178', 'P1178', 'P1178', 'P1178', 'P1178', 'P1178', 'P1178', 'P1178', 'P1178', 'P1178', 'P1178', 'P1178', 'P1178', 'P1178', 'P1178', 'P1178', 'P1178', 'P1178', 'P1178', 'P1178', 'P1178', 'P1178', 'P1178', 'P1178', 'P1178', 'P1178', 'P1178', 'P1178', 'P1178', 'P1178', 'P1178', 'P1178', 'P1178', 'P1178', 'P1178', 'P1178', 'P1178', 'P1178', 'P1178', 'P1178', 'P1178', 'P1178', 'P1178', 'P1178', 'P1178', 'P1178', 'P1178', 'P1178', 'P1178', 'P1178', 'P1178', 'P1178', 'P1178', 'P1178', 'P1178', 'P1178', 'P1178', 'P1178', 'P1178', 'P1178', 'P1178', 'P1178', 'P1178', 'P1178', 'P1178', 'P1178', 'P1178', 'P1178', 'P1178', 'P1178', 'P1178', 'P1178', 'P1178', 'P1178', 'P1178', 'P1178', 'P1178', 'P1178', 'P1178', 'P1178', 'P1178', 'P1178', 'P1178', 'P1178', 'P1178', 'P1178', 'P1178', 'P1178', 'P1178', 'P1178', 'P1178', 'P1178', 'P1178', 'P1178', 'P1178', 'P1178', 'P1178', 'P1178', 'P1178', 'P1178', 'P1178', 'P1178', 'P1178', 'P1178', 'P1178', 'P1178', 'P1178', 'P1178', 'P1178', 'P1178', 'P1178', 'P1178', 'P1178', 'P1178', 'P1178', 'P1178', 'P1178', 'P1178', 'P1178', 'P1178', 'P1178', 'P1178', 'P1178', 'P1178', 'P1178', 'P1178', 'P1178', 'P1178', 'P1178', 'P1178', 'P1178', 'P1178', 'P1178', 'P1178', 'P1178', 'P1178', 'P1178', 'P1178', 'P1178', 'P1178', 'P1178', 'P1178', 'P1178', 'P1178', 'P1178', 'P1178', 'P1178', 'P1178', 'P1178', 'P1178', 'P1178', 'P1178', 'P1178', 'P1178', 'P1178', 'P1178', 'P1178', 'P1178', 'P1178', 'P1178', 'P1178', 'P1178', 'P1178', 'P1178', 'P1178', 'P1178', 'P1178', 'P1178', 'P1178', 'P1178', 'P1178', 'P1178', 'P1178', 'P1178', 'P1178', 'P1178', 'P1178', 'P1178', 'P1178', 'P1178', 'P1178', 'P1178', 'P1178', 'P1178', 'P1178', 'P1178', 'P1178', 'P1178', 'P1178', 'P1178', 'P1178', 'P1178', 'P1178', 'P1178', 'P1178', 'P1178', 'P1178', 'P1178', 'P1178', 'P1178', 'P1178', 'P1178', 'P1178', 'P1178', 'P1178', 'P1178', 'P1178', 'P1178', 'P1178', 'P1178', 'P1178', 'P1178', 'P1178', 'P1178', 'P1178', 'P1178', 'P1178', 'P1178', 'P1178', 'P1178', 'P1178', 'P1178', 'P1178', 'P1178', 'P1178', 'P1178', 'P1178', 'P1178', 'P1178', 'P1178', 'P1178', 'P1178', 'P1178', 'P1178', 'P1178', 'P1178', 'P1178', 'P1178', 'P1178', 'P1178', 'P1178', 'P1178', 'P1178', 'P1178', 'P1178', 'P1178', 'P1178', 'P1178', 'P1178', 'P1178', 'P1178', 'P1178', 'P1178', 'P1178', 'P1178', 'P1178', 'P1178', 'P1178', 'P1178', 'P1178', 'P1178', 'P1178', 'P1178', 'P1178', 'P1178', 'P1178', 'P1178', 'P1178', 'P1178', 'P1178', 'P1178', 'P1178', 'P1178', 'P1178', 'P1178', 'P1178', 'P1178', 'P1178', 'P1178', 'P1178', 'P1178', 'P1178', 'P1178', 'P1178', 'P1178', 'P1178', 'P1178', 'P1178', 'P1178', 'P1178', 'P1178', 'P1178', 'P1178', 'P1178', 'P1178', 'P1178', 'P1178', 'P1178', 'P1178', 'P1178', 'P1178', 'P1178', 'P1178', 'P1178', 'P1178', 'P1178', 'P1178', 'P1178', 'P1178', 'P1178', 'P1178', 'P1178', 'P1178', 'P1178', 'P1178', 'P1178', 'P1178', 'P1178', 'P1178', 'P1178', 'P1178', 'P1178', 'P1178', 'P1178', 'P1178', 'P1178', 'P1178', 'P1178', 'P1178', 'P1178', 'P1178', 'P1178', 'P1178', 'P1178', 'P1178', 'P1178', 'P1178', 'P1178', 'P1178', 'P1178', 'P1178', 'P1178', 'P1178', 'P1178', 'P1178', 'P1178', 'P1178', 'P1178', 'P1178', 'P1178', 'P1178', 'P1178', 'P1178', 'P1178', 'P1178', 'P1178', 'P1178', 'P1178', 'P1178', 'P1178', 'P1178', 'P1178', 'P1178', 'P1178', 'P1178', 'P1178', 'P1178', 'P1178', 'P1178', 'P1178', 'P1178', 'P1178', 'P1178', 'P1178', 'P1178', 'P1178', 'P1178', 'P1178', 'P1178', 'P1178', 'P1178', 'P1178', 'P1178', 'P1178', 'P1178', 'P1178', 'P1178', 'P1178', 'P1178', 'P1178', 'P1178', 'P1178', 'P1178', 'P1178', 'P1178', 'P1178', 'P1178', 'P1178', 'P1178', 'P1178', 'P1178', 'P1178', 'P1178', 'P1178', 'P1178', 'P1178', 'P1178', 'P1178', 'P1178', 'P1178', 'P1178', 'P1178', 'P1178', 'P1178', 'P1178', 'P1178', 'P1178', 'P1178', 'P1178', 'P1178', 'P1178', 'P1178', 'P1178', 'P1178', 'P1178', 'P1178', 'P1178', 'P1178', 'P1178', 'P1178', 'P1178', 'P1178', 'P1178', 'P1178', 'P1178', 'P1178', 'P1178', 'P1178', 'P1178', 'P1178', 'P1178', 'P1178', 'P1178', 'P1178', 'P1178', 'P1178', 'P1178', 'P1178', 'P1178', 'P1178', 'P1178', 'P1178', 'P1178', 'P1178', 'P1178', 'P1178', 'P1178', 'P1178', 'P1178', 'P1178', 'P1178', 'P1178', 'P1178', 'P1178', 'P1178', 'P1178', 'P1178', 'P1178', 'P1178', 'P1178', 'P1178', 'P1178', 'P1178', 'P1178', 'P1178', 'P1178', 'P1178', 'P1178', 'P1178', 'P1178', 'P1178', 'P1178', 'P1178', 'P1178', 'P1178', 'P1178', 'P1178', 'P1178', 'P1178', 'P1178', 'P1178', 'P1178', 'P1178', 'P1178', 'P1178', 'P1178', 'P1178', 'P1178', 'P1178', 'P1178', 'P1178', 'P1178', 'P1178', 'P1178', 'P1178', 'P1178', 'P1178', 'P1178', 'P1178', 'P1178', 'P1178', 'P1178', 'P1178', 'P1178', 'P1178', 'P1178', 'P1178', 'P1178', 'P1178', 'P1178', 'P1178', 'P1178', 'P1178', 'P1178', 'P1178', 'P1178', 'P1178', 'P1178', 'P1178', 'P1178', 'P1178', 'P1178', 'P1178', 'P1178', 'P1178', 'P1178', 'P1178', 'P1178', 'P1178', 'P1178', 'P1178', 'P1178', 'P1178', 'P1178', 'P1178', 'P1178', 'P1178', 'P1178', 'P1178', 'P1178', 'P1178', 'P1178', 'P1178', 'P1178', 'P1178', 'P1178', 'P1178', 'P1178', 'P1178', 'P1178', 'P1178', 'P1178', 'P1178', 'P1178', 'P1178', 'P1178', 'P1178', 'P1178', 'P1178', 'P1178', 'P1178', 'P1178', 'P1178', 'P1178', 'P1178', 'P1178', 'P1178', 'P1178', 'P1178', 'P1178', 'P1178', 'P1178', 'P1178', 'P1178', 'P1178', 'P1178', 'P1178', 'P1178', 'P1178', 'P1178', 'P1178', 'P1178', 'P1178', 'P1178', 'P1178', 'P1178', 'P1178', 'P1178', 'P1178', 'P1178', 'P1178', 'P1178', 'P1178', 'P1178', 'P1178', 'P1178', 'P1178', 'P1178', 'P1178', 'P1178', 'P1178', 'P1178', 'P1178', 'P1178', 'P1178', 'P1178', 'P1178', 'P1178', 'P1178', 'P1178', 'P1178', 'P1178', 'P1178', 'P1178', 'P1178', 'P1178', 'P1178', 'P1178', 'P1178', 'P1178', 'P1178', 'P1178', 'P1178', 'P1178', 'P1178', 'P1178', 'P1178', 'P1178', 'P1178', 'P1178', 'P1178', 'P1178', 'P1178', 'P1178', 'P1178', 'P1178', 'P1178', 'P1178', 'P1178', 'P1178', 'P1178', 'P1178', 'P1178', 'P1178', 'P1178', 'P1178', 'P1178', 'P1178', 'P1178', 'P1178', 'P1178', 'P1178', 'P1178', 'P1178', 'P1178', 'P1178', 'P1178', 'P1178', 'P1178', 'P1178', 'P1178', 'P1178', 'P1178', 'P1178', 'P1178', 'P1178', 'P1178', 'P1178', 'P1178', 'P1178', 'P1178', 'P1178', 'P1178', 'P1178', 'P1178', 'P1178', 'P1178', 'P1178', 'P1178', 'P1178', 'P1178', 'P1178', 'P1178', 'P1178', 'P1178', 'P1178', 'P1178', 'P1178', 'P1178', 'P1178', 'P1178', 'P1178', 'P1178', 'P1178', 'P1178', 'P1178', 'P1178', 'P1178', 'P1178', 'P1178', 'P1178', 'P1178', 'P1178', 'P1178', 'P1178', 'P1178', 'P1178', 'P1178', 'P1178', 'P1178', 'P1178', 'P1178', 'P1178', 'P1178', 'P1178', 'P1178', 'P1178', 'P1178', 'P1178', 'P1178', 'P1178', 'P1178', 'P1178', 'P1178', 'P1178', 'P1178', 'P1178', 'P1178', 'P1178', 'P1178', 'P1178', 'P1178', 'P1178', 'P1178', 'P1178', 'P1178

Processed file PID-997_07 Tank Farm B and C Steam and Condensate.pdf, generated 0 tags.

Processed file PID-997_07 Tank Farm B and C Steam and Condensate.pdf, generated 44 tags.

Processed file PID-997_07 Tank Farm B and C Steam and Condensate.pdf, generated 94 tags.

Processed file PID-997_07 Tank Farm B and C Steam and Condensate.pdf, generated 12 tags.

Processed file PID-997_07 Tank Farm B and C Steam and Condensate.pdf, generated 21 tags.

Processed file PID-997_07 Tank Farm B and C Steam and Condensate.pdf, generated 3 tags.

Processed file PID-997_07 Tank Farm B and C Steam and Condensate.pdf, generated 52 tags.

Processed file PID-997_07 Tank Farm B and C Steam and Condensate.pdf, generated 103 tags.

Processed file PID-997_07 Tank Farm B and C Steam and Condensate.pdf, generated 71 tags.

Processed file PID-997_07 Tank Farm B and C Steam and Condensate.pdf, generated 0 tags.

Error generating and validating equipment list: unterminated string literal (detected at line 1) (<unknown>, line 1)

Failed to generate valid equipment list after 4 tries. Last output:
['TT 101', 'TE 102', 'LT 102', 'ZS 8525', 'CK8521', 'A-101A', 'A-102', 'T-1150', 'T-5706/5101', 'T5705/5704', 'T-950', 'F-54003', 'FT C1', 'FT', 'FQIC', 'FIC', 'FC', 'FO', 'FV54001?', 'FV54002?', 'FV54003?', 'HS54001', 'LI', 'LIC', 'LSLL', 'LALL', 'LC', 'LO', 'MXL', 'NLL', 'PAH', 'PAHH', 'PI', 'PT', 'PSV', 'PSE-54001?', 'RSP', 'SFP', 'ST', 'STC38F', 'TAHH', 'TI', 'TIC', 'TT', 'TV54019A?', 'TV54019B?', 'XV54001?', 'XV54002?', 'ZSH', 'ZAH', 'AS-54007', '540-C-2', '540-CI-2', '540-E10-A', '540-E10-B', '540-E11-A', '540-E11-B', '540-E10A-1', '540-E10A-2', '540-E10B-1', '540-E10B-2', '540P11', '540P16', '540E1', '540E6', '540E9', '540E12A', '540E12B', '540E12C', '540E20', '540J5', '540P2', '54001', '54002', '54003', '54004', '54005', '54006', '54007', '54008', '54009', '54010', '54011', '54012', '54019', '54021', '540156', '540007', '540156', '540027', '540026', '540023', '540020', '540018', '540017', '540016', '540015', '540014', '540013', '540012', '540011', '540010', '540009', '540008', '540007', '540006', '540005', '540004', '540003', '540002', '540001', '540040', '540039', '540038', '540037', '540036', '540035', '540034', '540033', '540032', '540031', '540030', '540029', '540028', '540027', '540026', '540025', '540024', '540023', '540022', '540021', '540020', '540019', '540018', '540017', '540016', '540015', '540014', '540013', '540012', '540011', '540010', '540009', '540008', '540007', '540006', '540005', '540004', '540003', '540002', '540001', '540040', '540039', '540038', '540037', '540036', '540035', '540034', '540033', '540032', '540031', '540030', '540029', '540028', '540027', '540026', '540025', '540024', '540023', '540022', '540021', '540020', '540019', '540018', '540017', '540016', '540015', '540014', '540013', '540012', '540011', '540010', '540009', '540008', '540007', '540006', '540005', '540004', '540003', '540002', '540001', '540040', '540039', '540038', '540037', '540036', '540035', '540034', '540033', '540032', '540031', '540030', '540029', '540028', '540027', '540026', '540025', '540024', '540023', '540022', '540021', '540020', '540019', '540018', '540017', '540016', '540015', '540014', '540013', '540012', '540011', '540010', '540009', '540008', '540007', '540006', '540005', '540004', '540003', '540002', '540001', '540040', '540039', '540038', '540037', '540036', '540035', '540034', '540033', '540032', '540031', '540030', '540029', '540028', '540027', '540026', '540025', '540024', '540023', '540022', '540021', '540020', '540019', '540018', '540017', '540016', '540015', '540014', '540013', '540012', '540011', '540010', '540009', '540008', '540007', '540006', '540005', '540004', '540003', '540002', '540001', '540040', '540039', '540038', '540037', '540036', '540035', '540034', '540033', '540032', '540031', '540030', '540029', '540028', '540027', '540026', '540025', '540024', '540023', '540022', '540021', '540020', '540019', '540018', '540017', '540016', '540015', '540014', '540013', '540012', '540011', '540010', '540009', '540008', '540007', '540006', '540005', '540004', '540003', '540002', '540001', '540040', '540039', '540038', '540037', '540036', '540035', '540034', '540033', '540032', '540031', '540030', '540029', '540028', '540027', '540026', '540025', '540024', '540023', '540022', '540021', '540020', '540019', '540018', '540017', '540016', '540015', '540014', '540013', '540012', '540011', '540010', '540009', '540008', '540007', '540006', '540005', '540004', '540003', '540002', '540001', '540040', '540039', '540038', '540037', '540036', '540035', '540034', '540033', '540032', '540031', '540030', '540029', '540028', '540027', '540026', '540025', '540024', '540023', '540022', '540021', '540020', '540019', '540018', '540017', '540016', '540015', '540014', '540013', '540012', '540011', '540010', '540009', '540008', '540007', '540006', '540005', '540004', '540003', '540002', '540001', '540040', '540039', '540038', '540037', '540036', '540035', '540034', '540033', '540032', '540031', '540030', '540029', '540028', '540027', '540026', '540025', '540024', '540023', '540022', '540021', '540020', '540019', '540018', '540017', '540016', '540015', '540014', '540013', '540012', '540011', '540010', '540009', '540008', '540007', '540006', '540005', '540004', '540003', '540002', '540001', '540040', '540039', '540038', '540037', '540036', '540035', '540034', '540033', '540032', '540031', '540030', '540029', '540028', '540027', '540026', '540025', '540024', '540023', '540022', '540021', '540020', '540019', '540018', '540017', '540016', '540015', '540014', '540013', '540012', '540011', '540010', '540009', '540008', '540007', '540006', '540005', '540004', '540003', '540002', '540001', '540040', '540039', '540038', '540037', '540036', '540035', '540034', '540033', '540032', '540031', '540030', '540029', '540028', '540027', '540026', '540025', '540024', '540023', '540022', '540021', '540020', '540019', '540018', '540017', '540016', '540015', '540014', '540013', '540012', '540011', '540010', '540009', '540008', '540007', '540006', '540005', '540004', '540003', '540002', '540001', '540040', '540039', '540038', '540037', '540036', '540035', '540034', '540033', '540032', '540031', '540030', '540029', '540028', '540027', '540026', '540025', '540024', '540023', '540022', '540021', '540020', '540019', '540018', '540017', '540016', '540015', '540014', '540013', '540012', '540011', '540010', '540009', '540008', '540007', '540006', '540005', '540004', '540003', '540002', '540001', '540040', '540039', '540038', '540037', '540036', '540035', '540034', '540033', '540032', '540031', '540030', '540029', '540028', '540027', '540026', '540025', '540024', '540023', '540022', '540021', '540020', '540019', '540018', '540017', '540016', '540015', '540014', '540013', '540012', '540011', '540010', '540009', '540008', '540007', '540006', '540005', '540004', '540003', '540002', '540001', '540040', '540039', '540038', '540037', '540036', '540035', '540034', '540033', '540032', '540031', '540030', '540029', '540028', '540027', '540026', '540025', '540024', '540023', '540022', '540021', '540020', '540019', '540018', '540017', '540016', '540015', '540014', '540013', '540012', '540011', '540010', '540009', '540008', '540007', '540006', '540005', '540004', '540003', '540002', '540001', '540040', '540039', '540038', '540037', '540036', '540035', '540034', '540033', '540032', '540031', '540030', '540029', '540028', '540027', '540026', '540025', '540024', '540023', '540022', '540021', '540020', '540019', '540018', '540017', '540016', '540015', '540014', '540013', '540012', '540011', '540010', '540009', '540008', '540007', '540006', '540005', '540004', '540003', '540002', '540001', '540040', '540039', '540038', '540037', '540036', '540035', '540034', '540033', '540032', '540031', '540030', '540029', '540028', '540027', '540026', '540025', '540024', '540023', '540022', '540021', '540020', '540019', '540018', '540017', '540016', '540015', '540014', '540013', '540012', '540011', '540010', '540009', '540008', '540007', '540006', '540005', '540004', '540003', '540002', '540001', '540040', '540039', '540038', '540037', '540036', '540035', '540034', '540033', '540032', '540031', '540030', '540029', '540028', '540027', '540026', '540025', '540024', '540023', '540022', '540021', '540020', '540019', '540018', '540017', '540016', '540015', '540014', '540013', '540012', '540011', '540010', '540009', '540008', '540007', '540006', '540005', '540004', '540003', '540002', '540001', '540040', '540039', '540038', '540037', '540036', '540035', '540034', '540033', '540032', '540031', '540030', '540029', '540028', '540027', '540026', '540025', '540024', '540023', '540022', '540021', '540020', '540019', '540018', '540017', '540016', '540015', '540014', '540013', '540012', '540011', '540010', '540009', '540008', '540007', '540006', '540005', '540004', '540003', '540002', '540001', '540040', '540039', '540038', '540037', '540036', '540035', '540034', '540033', '540032', '540031', '540030', '540029', '540028', '540027', '540026', '540025', '540024', '540023', '540022', '540021', '540020', '540019', '540018', '540017', '540016', '540015', '540014', '540013', '540012', '540011', '540010', '540009', '540008', '540007', '540006', '540005', '540004', '540003', '540002', '540001', '540040', '540039', '540038', '540037', '540036', '540035', '540034', '540033', '540032', '540031', '540030', '540029', '540028', '540027', '540026', '540025', '540024', '540023', '540022', '540021', '540020', '540019', '540018', '540017', '540016', '540015', '540014', '540013', '540012', '540011', '540010', '540009', '540008', '540007', '540006', '540005', '540004', '540003', '540002', '540001', '540040', '540039', '540038', '540037', '540036', '540035', '540034', '540033', '540032', '540031', '540030', '540029', '540028', '540027', '540026', '540025', '540024', '540023', '540022', '540021', '540020', '540019', '540018', '540017', '540016', '540015', '540014', '540013', '540012', '540011', '540010', '540009', '540008', '540007', '540006', '540005', '540004', '540003', '540002', '540001', '540040', '540039', '540038', '540037', '540036', '540035', '540034', '540033', '540032', '540031', '540030', '540029', '540028', '540027', '540026', '540025', '540024', '540023', '540022', '540021', '540020', '540019', '540018', '540017', '540016', '540015', '540014', '540013', '540012', '540011', '540010', '540009', '540008', '540007', '540006', '540005', '540004', '540003', '540002', '540001', '540040', '540039', '540038', '540037', '540036', '540035', '540034', '540033', '540032', '540031', '540030', '540029', '540028', '540027', '540026', '540025', '540024', '540023', '540022', '540021', '540020', '540019', '540018', '540017', '540016', '540015', '540014', '540013', '540012', '540011', '540010', '540009', '540008', '540007', '540006', '540005', '540004', '540003', '540002', '540001', '540040', '540039', '540038', '540037', '540036', '540035', '540034', '540033', '540032', '540031', '540030', '540029', '540028', '540027', '540026', '540025', '540024', '540023', '540022', '540021', '540020', '540019', '540018', '540017', '540016', '540015', '540014', '540013', '540012', '540011', '540010', '540009', '540008', '540007', '540006', '540005', '540004', '540003', '540002', '540001', '540040', '540039', '540038', '540037', '540036', '540035', '540034', '540033', '540032', '540031', '540030', '540029', '540028', '540027', '540026', '540025', '540024', '540023', '540022', '540021', '540020', '540019', '540018', '540017', '540016', '540015', '540014', '540013', '540012', '540011', '540010', '540009', '540008', '540007', '540006', '540005', '540004', '540003', '540002', '540001', '540040', '540039', '540038', '540037', '540036', '540035', '540034', '540033', '540032', '540031', '540030', '540029', '540028', '540027', '540026', '540025', '540024', '540023', '540022', '540021', '540020', '540019', '540018', '540017', '540016', '540015', '540014', '540013', '540012', '540011', '540010', '540009', '540008', '540007', '540006', '540005', '540004', '540003', '540002', '540001', '540040', '540039', '540038', '540037', '540036', '540035', '540034', '540033', '540032', '540031', '540030', '540029', '540028', '540027', '540026', '540025', '540024', '540023', '540022', '540021', '540020', '540019', '540018', '540017', '540016', '540015', '540014', '540013', '540012', '540011', '540010', '540009', '540008', '540007', '540006', '540005', '540004', '540003', '540002', '540001', '540040', '540039', '540038', '540037', '540036', '540035', '540034', '540033', '540032', '540031', '540030', '540029', '540028', '540027', '540026', '540025', '540024', '540023', '540022', '540021', '540020', '540019', '540018', '540017', '540016', '540015', '540014', '540013', '540012', '540011', '540010', '540009', '540008', '540007', '540006', '540005', '540004', '540003', '540002', '540001', '540040', '540039', '540038', '540037', '540036', '540035', '540034', '540033', '540032', '540031', '540030', '540029', '540028', '540027', '540026', '540025', '540024', '540023', '540022', '540021', '540020', '540019', '540018', '540017', '540016', '540015', '540014', '540013', '540012', '540011', '540010', '540009', '540008', '540007', '540006', '540005', '540004', '540003', '540002', '540001', '540040', '540039', '540038', '540037', '540036', '540035', '540034', '540033', '540032', '540031', '540030', '540029', '540028', '540027', '540026', '540025', '540024', '540023', '540022', '540021', '540020', '540019', '540018', '540017', '540016', '540015', '540014', '540013', '540012', '540011', '540010', '540009', '540008', '540007', '540006', '540005', '540004', '540003', '540002', '540001', '540040', '540039', '540038', '540037', '540036', '540035', '540034', '540033', '540032', '540031', '540030', '540029', '540028', '540027', '540026', '540025', '540024', '540023', '540022', '540021', '540020', '540019', '540018', '540017', '540016', '540015', '540014', '540013', '540012', '540011', '540010', '540009', '540008', '540007', '540006', '540005', '540004', '540003', '540002', '540001', '540040', '540039', '540038', '540037', '540036', '540035', '540034', '540033', '540032', '540031', '540030', '540029', '540028', '540027', '540026', '540025', '540024', '540023', '540022', '540021', '540020', '540019', '540018', '540017', '540016', '540015', '540014', '540013', '540012', '540011', '540010', '540009', '540008', '540007', '540006', '540005', '540004', '540003', '540002', '540001', '540040', '540039', '540038', '540037', '540036', '540035', '540034', '540033', '540032', '540031', '540030', '540029', '540028', '540027', '540026', '540025', '540024', '540023', '540022', '540021', '540020', '540019', '540018', '540017', '540016', '540015', '540014', '540013', '540012', '540011', '540010', '540009', '540008', '540007', '540006', '540005', '540004', '540003', '540002', '540001', '540040', '540039', '540038', '540037', '540036', '540035', '540034', '540033', '540032', '540031', '540030', '540029', '540028', '540027', '540026', '540025', '540024', '540023', '540022', '540021', '540020', '540019', '540018', '540017', '540016', '540015', '540014', '540013', '540012', '540011', '540010', '540009', '540008', '540007', '540006', '540005', '540004', '540003', '540002', '540001', '540040', '540039', '540038', '540037', '540036', '540035', '540034', '540033', '540032', '540031', '540030', '540029', '540028', '540027', '540026', '540025', '540024', '540023', '540022', '540021', '540020', '540019', '540018', '540017', '540016', '540015', '540014', '540013', '540012', '540011', '540010', '540009', '540008', '540007', '540006', '540005', '540004', '540003', '540002', '540001', '540040', '540039', '540038', '540037', '540036', '540035', '540034', '540033', '540032', '540031', '540030', '540029', '540028', '540027', '540026', '540025', '540024', '540023', '540022', '540021', '540020', '540019', '540018', '540017', '540016', '540015', '540014', '540013', '540012', '540011', '540010', '540009', '540008', '540007', '540006', '540005', '540004', '540003', '540002', '540001', '540040', '540039', '540038', '540037', '540036', '540035', '540034', '540033', '540032', '540031', '540030', '540029', '540028', '540027', '540026', '540025', '540024', '540023', '540022', '540021', '540020', '540019', '540018', '540017', '540016', '540015', '540014', '540013', '540012', '540011', '540010', '540009', '540008', '540007', '540006', '540005', '540004', '540003', '540002', '540001', '540040', '540039', '540038', '540037', '540036', '540035', '540034', '540033', '540032', '540031', '540030', '540029', '540028', '540027', '540026', '540025', '540024', '540023', '540022', '540021', '540020', '540019', '540018', '540017', '540016', '540015', '540014', '540013', '540012', '540011', '540010', '540009', '540008', '540007', '540006', '540005', '540004', '540003', '540002', '540001', '540040', '540039', '540038', '540037', '540036', '540035', '540034', '540033', '540032', '540031', '540030', '540029', '540028', '540027', '540026', '540025', '540024', '540023', '540022', '540021', '540020', '540019', '540018', '540017', '540016', '540015', '540014', '540013', '540012', '540011', '540010', '540009', '540008', '540007', '540006', '540005', '540004', '540003', '540002', '540001', '540040', '540039', '540038', '540037', '540036', '540035', '540034', '540033', '540032', '540031', '540030', '540029', '540028', '540027', '540026', '540025', '540024', '540023', '540022', '540021', '540020', '540019', '540018', '540017', '540016', '540015', '540014', '540013', '540012', '540011', '540010', '540009', '540008', '540007', '540006', '540005', '540004', '540003', '540002', '540001', '540040', '540039', '540038', '540037', '540036', '540035', '540034', '540033', '540032', '540031', '540030', '540029', '540028', '540027', '540026', '540025', '540024', '540023', '540022', '540021', '540020', '540019', '540018', '540017', '540016', '540015', '540014', '540013', '540012', '540011', '540010', '540009', '540008', '540007', '540006', '540005', '540004', '540003', '540002', '540001', '540040', '540039', '540038', '540037', '540036', '540035', '540034', '540033', '540032', '540031', '540030', '540029', '540028', '540027', '540026', '540025', '540024', '540023', '540022', '540021', '540020', '540019', '540018', '540017', '540016', '540015', '540014', '540013', '540012', '540011', '540010', '540009', '540008', '540007', '540006', '540005', '540004', '540003', '540002', '540001', '540040', '540039', '540038', '540037', '540036', '540035', '540034', '540033', '540032', '540031', '540030', '540029', '540028', '540027', '540026', '540025', '540024', '540023', '540022', '540021', '540020', '540019', '540018', '540017', '540016', '540015', '540014', '540013', '540012', '540011', '540010', '540009', '540008', '540007', '540006', '540005', '540004', '540003', '540002', '540001', '540040', '540039', '540038', '540037', '540036', '540035', '540034', '540033', '540032', '540031', '540030', '540029', '540028', '540027', '540026', '540025', '540024', '540023', '540022', '540021', '540020', '540019', '540018', '540017', '540016', '540015', '540014', '540013', '540012', '540011', '540010', '540009', '540008', '540007', '540006', '540005', '540004', '540003', '540002', '540001', '540040', '540039', '540038', '540037', '540036', '540035', '540034', '540033', '540032', '540031', '540030', '540029', '540028', '540027', '540026', '540025', '540024', '540023', '540022', '540021', '540020', '540019', '540018', '540017', '540016', '540015', '540014', '540013', '540012', '540011', '540010', '540009', '540008', '540007', '540006', '540005', '540004', '540003', '540002', '540001', '540040', '540039', '540038', '540037', '540036', '540035', '540034', '540033', '540032', '540031', '540030', '540029', '540028', '540027', '540026', '540025', '540024', '540023', '540022', '540021', '540020', '540019', '540018', '540017', '540016', '540015', '540014', '540013', '540012', '540011', '540010', '540009', '540008', '540007', '540006', '540005', '540004', '540003', '540002', '540001', '540040', '540039', '540038', '540037', '540036', '540035', '540034', '540033', '540032', '540031', '540030', '540029', '540028', '540027', '540026', '540025', '540024', '540023', '540022', '540021', '540020', '540019', '540018', '540017', '540016', '540015', '540014', '540013', '540012', '540011', '540010', '540009', '540008', '540007', '540006', '540005', '540004', '540003', '540002', '540001', '540040', '540039', '540038', '540037', '540036', '540035', '540034', '540033', '540032', '540031', '540030', '540029', '540028', '540027', '540026', '540025', '540024', '540023', '540022', '540021', '540020', '540019', '540018', '540017', '540016', '540015', '540014', '540013', '540012', '540011', '540010', '540009', '540008', '540007', '540006', '540005', '540004', '540003', '540002', '540001', '540040', '540039', '540038', '540037', '540036', '540035', '540034', '540033', '540032', '540031', '540030', '540029', '540028', '540027', '540026', '540025', '540024', '540023', '540022', '540021', '540020', '540019', '540018', '540017', '540016', '540015', '540014', '540013', '540012', '540011', '540010', '540009', '540008', '540007', '540006', '540005', '540004', '540003', '540002', '540001', '540040', '540039', '540038', '540037', '540036', '540035', '540034', '540033', '540032', '540031', '540030', '540029', '540028', '540027', '540026', '540025', '540024', '540023', '540022', '540021', '540020', '540019', '540018', '540017', '540016', '540015', '540014', '540013', '540012', '540011', '540010', '540009', '540008', '540007', '540006', '540005', '540004', '540003', '540002', '540001', '540040', '540039', '540038', '540037', '540036', '540035', '540034', '540033', '540032', '540031', '540030', '540029', '540028', '540027', '540026', '540025', '540024', '540023', '540022', '540021', '540020', '540019', '540018', '540017', '540016', '540015', '540014', '540013', '540012', '540011', '540010', '540009', '540008', '540007', '540006', '540005', '540004', '540003', '540002', '540001', '540040', '540039', '540038', '540037', '540036', '540035', '540034', '540033', '540032', '540031', '540030', '540029', '540028', '540027', '540026', '540025', '540024', '540023', '540022', '540021', '540020', '540019', '540018', '540017', '540016', '540015', '540014', '540013', '540012', '540011', '540010', '540009', '540008', '540007', '540006', '540005', '540004', '540003', '540002', '540001', '540040', '540039', '540038', '540037', '540036', '540035', '540034', '540033', '540032', '540031', '540030', '540029', '540028', '540027', '540026', '540025', '540024', '540023', '540022', '540021', '540020', '540019', '540018', '540017', '540016', '540015', '540014', '540013', '540012', '540011', '540010', '540009', '540008', '540007', '540006', '540005', '540004', '540003', '540002', '540001', '540040', '540039', '540038', '540037', '540036', '540035', '540034', '540033', '540032', '540031', '540030', '540029', '540028', '540027', '540026', '540025', '540024', '540023', '540022', '540021', '540020', '540019', '540018', '540017', '540016', '540015', '540014', '540013', '540012', '540011', '540010', '540009', '540008', '540007', '540006', '540005', '540004', '540003', '540002', '540001', '540040', '540039', '540038', '540037', '540036', '540035', '540034', '540033', '540032', '540031', '540030', '540029', '540028', '540027', '540026', '540025', '540024', '540023', '540022', '540021', '540020', '540019', '540018', '540017', '540016', '540015', '540014', '540013', '540012', '540011', '540010', '540009', '540008', '540007', '540006', '540005', '540004', '540003', '540002', '540001', '540040', '540039', '540038', '540037', '540036', '540035', '540034', '540033', '540032', '540031', '540030', '540029', '540028', '540027', '540026', '540025', '540024', '540023', '540022', '540021', '540020', '540019', '540018', '540017', '540016', '540015', '540014', '540013', '540012', '540011', '540010', '540009', '540008', '540007', '540006', '540005', '540004', '540003', '540002', '540001', '540040', '540039', '540038', '540037', '540036', '540035', '540034', '540033', '540032', '540031', '540030', '540029', '540028', '540027', '540026', '540025', '540024', '540023', '540022', '540021', '540020', '540019', '540018', '540017', '540016', '540015', '540014', '540013', '540012', '540011', '540010', '540009', '540008', '540007', '540006', '540005', '540004', '540003', '540002', '540001', '540040', '540039', '540038', '540037', '540036', '540035', '540034', '540033', '540032', '540031', '540030', '540029', '540028', '540027', '540026', '540025', '540024', '540023', '540022', '540021', '540020', '540019', '540018', '540017', '540016', '540015', '540014', '540013', '540012', '540011', '540010', '540009', '540008', '540007', '540006', '540005', '540004', '540003', '540002', '540001', '540040', '540039', '540038', '540037', '540036', '540035', '540034', '540033', '540032', '540031', '540030', '540029', '540028', '540027', '540026', '540025', '540024', '540023', '540022', '540021', '540020', '540019', '540018', '540017', '540016', '540015', '540014', '540013', '540012', '540011', '540010', '540009', '540008', '540007', '540006', '540005', '540004', '540003', '540002', '540001', '540040', '540039', '540038', '540037', '540036', '540035', '540034', '540033', '540032', '540031', '540030', '540029', '540028', '540027', '540026', '540025', '540024', '540023', '540022', '540021', '540020', '540019', '540018', '540017', '540016', '540015', '540014', '540013', '540012', '540011', '540010', '540009', '540008', '540007', '540006', '540005', '540004', '540003', '540002', '540001', '540040', '540039', '540038', '540037', '540036', '540035', '540034', '540033', '540032', '540031', '540030', '540029', '540028', '540027', '540026', '540025', '540024', '540023', '540022', '540021', '540020', '540019', '540018', '540017', '540016', '540015', '540014', '540013', '540012', '540011', '540010', '540009', '540008', '540007', '540006', '540005', '540004', '540003', '540002', '540001', '540040', '540039', '540038', '540037', '540036', '540035', '540034', '540033', '540032', '540031', '540030', '540029', '540028', '540027', '540026', '540025', '540024', '540023', '540022', '540021', '540020', '540019', '540018', '540017', '540016', '540015', '540014', '540013', '540012', '540011', '540010', '540009', '540008', '540007', '540006', '540005', '540004', '540003', '540002', '540001', '540040', '540039', '540038', '540037', '540036', '540035', '540034', '540033', '540032', '540031', '540030', '540029', '540028', '540027', '540026', '540025', '540024', '540023', '540022', '540021', '540020', '540019', '540018', '540017', '540016', '540015', '540014', '540013', '540012', '540011', '540010', '540009', '540008', '540007', '540006', '540005', '540004', '540003', '540002', '540001', '540040', '540039', '540038', '540037', '540036', '540035', '540034', '540033', '540032', '540031', '540030', '540029', '540028', '540027', '540026', '540025', '540024', '540023', '540022', '540021', '540020', '540019', '540018', '540017', '540016', '540015', '540014', '540013', '540012', '540011', '540010', '540009', '540008', '540007', '540006', '540005', '540004', '540003', '540002', '540001', '540040', '540039', '540038', '540037', '540036', '540035', '540034', '540033', '540032', '540031', '540030', '540029', '540028', '540027', '540026', '540025', '540024', '540023', '540022', '540021', '540020', '540019', '540018', '540017', '540016', '540015', '540014', '540013', '540012', '540011', '540010', '540009', '540008', '540007', '540006', '540005', '540004', '540003', '540002', '540001', '540040', '540039', '540038', '540037', '540036', '540035', '540034', '540033', '540032', '540031', '540030', '540029', '540028', '540027', '540026', '540025', '540024', '540023', '540022', '540021', '540020', '540019', '540018', '540017', '540016', '540015', '540014', '540013', '540012', '540011', '540010', '540009', '540008', '540007', '540006', '540005', '540004', '540003', '540002', '540001', '540040', '540039', '540038', '540037', '540036', '540035', '540034', '540033', '540032', '540031', '540030', '540029', '540028', '540027', '540026', '540025', '540024', '540023', '540022', '540021', '540020', '540019', '540018', '540017', '540016', '540015', '540014', '540013', '540012', '540011', '540010', '540009', '540008', '540007', '540006', '540005', '540004', '540003', '540002', '540001', '540040', '540039', '540038', '540037', '540036', '540035', '540034', '540033', '540032', '540031', '540030', '540029', '540028', '540027', '540026', '540025', '540024', '540023', '540022', '540021', '540020', '540019', '540018', '540017', '540016', '540015', '540014', '540013', '540012', '540011', '540010', '540009', '540008', '540007', '540006', '540005', '540004', '540003', '540002', '540001', '540040', '540039', '540038', '540037', '540036', '540035', '540034', '540033', '540032', '540031', '540030', '540029', '540028', '540027', '540026', '540025', '540024', '540023', '540022', '540021', '540020', '540019', '540018', '540017', '540016', '540015', '540014', '540013', '540012', '540011', '540010', '540009', '540008', '540007', '540006', '540005', '540004', '540003', '540002', '540001', '540040', '540039', '540038', '540037', '540036', '540035', '540034', '540033', '540032', '540031', '540030', '540029', '540028', '540027', '540026', '540025', '540024', '540023', '540022', '540021', '540020', '540019', '540018', '540017', '540016', '540015', '540014', '540013', '540012', '540011', '540010', '540009', '540008', '540007', '540006', '540005', '540004', '540003', '540002', '540001', '540040', '540039', '540038', '540037', '540036', '540035', '540034', '540033', '540032', '540031', '540030', '540029', '540028', '540027', '540026', '540025', '540024', '540023', '540022', '540021', '540020', '540019', '540018', '540017', '540016', '540015', '540014', '540013', '540012', '540011', '540010', '540009', '540008', '540007', '540006', '540005', '540004', '540003', '540002', '540001', '540040', '540039', '540038', '540037', '540036', '540035', '540034', '540033', '540032', '540031', '540030', '540029', '540028', '540027', '540026', '540025', '540024', '540023', '540022', '540021', '540020', '540019', '540018', '540017', '540016', '540015', '540014', '540013', '540012', '540011', '540010', '540009', '540008', '540007', '540006', '540005', '540004', '540003', '540002', '540001', '540040', '540039', '540038', '540037', '540036', '540035', '540034', '540033', '540032', '540031', '540030', '540029', '540028', '540027', '540026', '540025', '540024', '540023', '540022', '540021', '540020', '540019', '540018', '540017', '540016', '540015', '540014', '540013', '540012', '540011', '540010', '540009', '540008', '540007', '540006', '540005', '540004', '540003', '540002', '540001', '540040', '540039', '540038', '540037', '540036', '540035', '540034', '540033', '540032', '540031', '540030', '540029', '540028', '540027', '540026', '540025', '540024', '540023', '540022', '540021', '540020', '540019', '540018', '540017', '540016', '540015', '540014', '540013', '540012', '540011', '540010', '540009', '540008', '540007', '540006', '540005', '540004', '540003', '540002', '540001', '540040', '540039', '540038', '540037', '540036', '540035', '540034', '540033', '540032', '540031', '540030', '540029', '540028', '540027', '540026', '540025', '540024', '540023', '540022', '540021', '540020', '540019', '540018', '540017', '540016', '540015', '540014', '540013', '540012', '540011', '540010', '540009', '540008', '540007', '540006', '540005', '540004', '540003', '540002', '540001', '540040', '540039', '540038', '540037', '540036', '540035', '540034', '540033', '540032', '540031', '540030', '540029', '540028', '540027', '540026', '540025', '540024', '540023', '540022', '540021', '540020', '540019', '540018', '540017', '540016', '540015', '540014', '540013', '540012', '540011', '540010', '540009', '540008', '540007', '540006', '540005', '540004', '540003', '540002', '540001', '540040', '540039', '540038', '540037', '540036', '540035', '540034', '540033', '540032', '540031', '540030', '540029', '540028', '540027', '540026', '540025', '540024', '540023', '540022', '540021', '540020', '540019', '540018', '540017', '540016', '540015', '540014', '540013', '540012', '540011', '540010', '540009', '540008', '540007', '540006', '540005', '540004', '540003', '540002', '540001', '540040', '540039', '540038', '540037', '540036', '540035', '540034', '540033', '540032', '540031', '540030', '540029', '540028', '540027', '540026', '540025', '540024', '540023', '540022', '540021', '540020', '540019', '540018', '540017', '540016', '540015', '540014', '540013', '540012', '540011', '540010', '540009', '540008', '540007', '540006', '540005', '540004', '540003', '540002', '540001', '540040', '540039', '540038', '540037', '540036', '540035', '540034', '540033', '540032', '540031', '540030', '540029', '540028', '540027', '540026', '540025', '540024', '540023', '540022', '540021', '540020', '540019', '540018', '540017', '540016', '540015', '540014', '540013', '540012', '540011', '540010', '540009', '540008', '540007', '540006', '540005', '540004', '540003', '540002', '540001', '540040', '540039', '540038', '540037', '540036', '540035', '540034', '540033', '540032', '540031', '540030', '540029', '540028', '540027', '540026', '540025', '540024', '540023', '540022', '540021', '540020', '540019', '540018', '540017', '540016', '540015', '540014', '540013', '540012', '540011', '540010', '540009', '540008', '540007', '540006', '540005', '540004', '540003', '540002', '540001', '540040', '540039', '540038', '540037', '540036', '540035', '540034', '540033', '540032', '540031', '540030', '540029', '540028', '540027', '540026', '540025', '540024', '540023', '540022', '540021', '540020', '540019', '540018', '540017', '540016', '540015', '540014', '540013', '540012', '540011', '540010', '540009', '540008', '540007', '540006', '540005', '540004', '540003', '540002', '540001', '540040', '540039', '540038', '540037', '540036', '540035', '540034', '540033', '540032', '540031', '540030', '540029', '540028', '540027', '540026', '540025', '540024', '540023', '540022', '540021', '540020', '540019', '540018', '540017', '540016', '540015', '540014', '540013', '540012', '540011', '540010', '540009', '540008', '540007', '540006', '540005', '540004', '540003', '540002', '540001', '540040', '540039', '540038', '540037', '540036', '540035', '540034', '540033', '540032', '540031', '540030', '540029', '540028', '540027', '540026', '540025', '540024', '540023', '540022', '540021', '540020', '540019', '540018', '540017', '540016', '540015', '540014', '540013', '540012', '540011', '540010', '540009', '540008', '540007', '540006', '540005', '540004', '540003', '540002', '540001', '540040', '540039', '540038', '540037', '540036', '540035', '540034', '540033', '540032', '540031', '540030', '540029', '540028', '540027', '540026', '540025', '540024', '540023', '540022', '540021', '540020', '540019', '540018', '540017', '540016', '540015', '540014', '540013', '540012', '540011', '540010', '540009', '540008', '540007', '540006', '540005', '540004', '540003', '540002', '540001', '540040', '540039', '540038', '540037', '540036', '540035', '540034', '540033', '540032', '540031', '540030', '540029', '540028', '540027', '540026', '540025', '540024', '540023', '540022', '540021', '540020', '540019', '540018', '540017', '540016', '540015', '540014', '540013', '540012', '540011', '540010', '540009', '540008', '540007', '540006', '540005', '540004', '540003', '540002', '540001', '540040', '540039', '540038', '540037', '540036', '540035', '540034', '540033', '540032', '540031', '540030', '540029', '540028', '540027', '540026', '540025', '540024', '540023', '540022', '540021', '540020', '540019', '540018', '540017', '540016', '540015', '540014', '540013', '540012', '540011', '540010', '540009', '540008', '540007', '540006', '540005', '540004', '540003', '540002', '540001', '540040', '540039', '540038', '540037', '540036', '540035', '540034', '540033', '540032', '540031', '540030', '540029', '540028', '540027', '540026', '540025', '540024', '540023', '540022', '540021', '540020', '540019', '540018', '540017', '540016', '540015', '540014', '540013', '540012', '540011', '540010', '540009', '540008', '540007', '540006', '540005', '540004', '540003', '540002', '540001', '540040', '540039', '540038', '540037', '540036', '540035', '540034', '540033', '540032', '540031', '540030', '540029', '540028', '540027', '540026', '540025', '540024', '540023', '540022', '540021', '540020', '540019', '540018', '540017', '540016', '540015', '540014', '540013', '540012', '540011', '540010', '540009', '540008', '540007', '540006', '540005', '540004', '540003', '540002', '540001', '540040', '540039', '540038', '540037', '540036', '540035', '540034', '540033', '540032', '540031', '540030', '540029', '540028', '540027', '540026', '540025', '540024', '540023', '540022', '540021', '540020', '540019', '540018', '540017', '540016', '540015', '540014', '540013', '540012', '540011', '540010', '540009', '540008', '540007', '540006', '540005', '540004', '540003', '540002', '540001', '540040', '540039', '540038', '540037', '540036', '540035', '540034', '540033', '540032', '540031', '540030', '540029', '540028', '540027', '540026', '540025', '540024', '540023', '540022', '540021', '540020', '540019', '540018', '540017', '540016', '540015', '540014', '540013', '540012', '540011', '540010', '540009', '540008', '540007', '540006', '540005', '540004', '540003', '540002', '540001', '540040', '540039', '540038', '540037', '540036', '540035', '540034', '540033', '540032', '540031', '540030', '540029', '540028', '540027', '540026', '540025', '540024', '540023', '540022', '540021', '540020', '540019', '540018', '540017', '540016', '540015', '540014', '540013', '540012', '540011', '540010', '540009', '540008', '540007', '540006', '540005', '540004', '540003', '540002', '540001', '540040', '540039', '540038', '540037', '540036', '540035', '540034', '540033', '540032', '540031', '540030', '540029', '540028', '540027', '540026', '540025', '540024', '540023', '540022', '540021', '540020', '540019', '540018', '540017', '540016', '540015', '540014', '540013', '540012', '540011', '540010', '540009', '540008', '540007', '540006', '540005', '540004', '540003', '540002', '540001', '540040', '540039', '540038', '540037', '540036', '540035', '540034', '540033', '540032', '540031', '540030', '540029', '540028', '540027', '540026', '540025', '540024', '540023', '540022', '540021', '540020', '540019', '540018', '540017', '540016', '540015', '540014', '540013', '540012', '540011', '540010', '540009', '540008', '540007', '540006', '540005', '540004', '540003', '540002', '540001', '540040', '540039', '540038', '540037', '540036', '540035', '540034', '540033', '540032', '540031', '540030', '540029', '540028', '540027', '540026', '540025', '540024', '540023', '540022', '540021', '540020', '540019', '540018', '540017', '540016', '540015', '540014', '540013', '540012', '540011', '540010', '540009', '540008', '540007', '540006', '540005', '540004', '540003', '540002', '540001', '540040', '540039', '540038', '540037', '540036', '540035', '540034', '540033', '540032', '540031', '540030', '540029', '540028', '540027', '540026', '540025', '540024', '540023', '540022', '540021', '540020', '540019', '540018', '540017', '540016', '540015', '540014', '540013', '540012', '540011', '540010', '540009', '540008', '540007', '540006', '540005', '540004', '540003', '540002', '540001', '540040', '540039', '540038', '540037', '540036', '540035', '540034', '540033', '540032', '540031', '540030', '540029', '540028', '540027', '540026', '540025', '540024', '540023', '540022', '540021', '540020', '540019', '540018', '540017', '540016', '540015', '540014', '540013', '540012', '540011', '540010', '540009', '540008', '540007', '540006', '540005', '540004', '540003', '540002', '540001', '540040', '540039', '540038', '540037', '540036', '540035', '540034', '540033', '540032', '540031', '540030', '540029', '540028', '540027', '540026', '540025', '540024', '540023', '540022', '540021', '540020', '540019', '540018', '540017', '540016', '540015', '540014', '540013', '540012', '540011', '540010', '540009', '540008', '540007', '540006', '540005', '540004', '540003', '540002', '540001', '540040', '540039', '540038', '540037', '540036', '540035', '540034', '540033', '540032', '540031', '540030', '540029', '540028', '540027', '540026', '540025', '540024', '540023', '540022', '540021', '540020', '540019', '540018', '540017', '540016', '540015', '540014', '540013', '540012', '540011', '540010', '540009', '540008', '540007', '540006', '540005', '540004', '540003', '540002', '540001', '540040', '540039', '540038', '540037', '540036', '540035', '540034', '540033', '540032', '540031', '540030', '540029', '540028', '540027', '540026', '540025', '540024', '540023', '540022', '540021', '540020', '540019', '540018', '540017', '540016', '540015', '540014', '540013', '540012', '540011', '540010', '540009', '540008', '540007', '540006', '540005', '540004', '540003', '540002', '540001', '540040', '540039', '540038', '540037', '540036', '540035', '540034', '540033', '540032', '540031', '540030', '540029', '540028', '540027', '540026', '540025', '540024', '540023', '540022', '540021', '540020', '540019', '540018', '540017', '540016', '540015', '540014', '540013', '540012', '540011', '540010', '540009', '540008', '540007', '540006', '540005', '540004', '540003', '540002', '540001', '540040', '540039', '540038', '540037', '540036', '540035', '540034
Last model ouptut:
['TT 101', 'TE 102', 'LT 102', 'ZS 8525', 'CK8521', 'A-101A', 'A-102', 'T-1150', 'T-5706/5101', 'T5705/5704', 'T-950', 'F-54003', 'FT C1', 'FT', 'FQIC', 'FIC', 'FC', 'FO', 'FV54001?', 'FV54002?', 'FV54003?', 'HS54001', 'LI', 'LIC', 'LSLL', 'LALL', 'LC', 'LO', 'MXL', 'NLL', 'PAH', 'PAHH', 'PI', 'PT', 'PSV', 'PSE-54001?', 'RSP', 'SFP', 'ST', 'STC38F', 'TAHH', 'TI', 'TIC', 'TT', 'TV54019A?', 'TV54019B?', 'XV54001?', 'XV54002?', 'ZSH', 'ZAH', 'AS-54007', '540-C-2', '540-CI-2', '540-E10-A', '540-E10-B', '540-E11-A', '540-E11-B', '540-E10A-1', '540-E10A-2', '540-E10B-1', '540-E10B-2', '540P11', '540P16', '540E1', '540E6', '540E9', '540E12A', '540E12B', '540E12C', '540E20', '540J5', '540P2', '54001', '54002', '54003', '54004', '54005', '54006', '54007', '54008', '54009', '54010', '54011', '54012', '54019', '54021', '540156', '540007', '540156', '540027', '540026', '540023', '540020', '540018', '540017', '540016', '540015', '540014', '540013', '540012', '540011', '540010', '540009', '540008', '540007', '540006', '540005', '540004', '540003', '540002', '540001', '540040', '540039', '540038', '540037', '540036', '540035', '540034', '540033', '540032', '540031', '540030', '540029', '540028', '540027', '540026', '540025', '540024', '540023', '540022', '540021', '540020', '540019', '540018', '540017', '540016', '540015', '540014', '540013', '540012', '540011', '540010', '540009', '540008', '540007', '540006', '540005', '540004', '540003', '540002', '540001', '540040', '540039', '540038', '540037', '540036', '540035', '540034', '540033', '540032', '540031', '540030', '540029', '540028', '540027', '540026', '540025', '540024', '540023', '540022', '540021', '540020', '540019', '540018', '540017', '540016', '540015', '540014', '540013', '540012', '540011', '540010', '540009', '540008', '540007', '540006', '540005', '540004', '540003', '540002', '540001', '540040', '540039', '540038', '540037', '540036', '540035', '540034', '540033', '540032', '540031', '540030', '540029', '540028', '540027', '540026', '540025', '540024', '540023', '540022', '540021', '540020', '540019', '540018', '540017', '540016', '540015', '540014', '540013', '540012', '540011', '540010', '540009', '540008', '540007', '540006', '540005', '540004', '540003', '540002', '540001', '540040', '540039', '540038', '540037', '540036', '540035', '540034', '540033', '540032', '540031', '540030', '540029', '540028', '540027', '540026', '540025', '540024', '540023', '540022', '540021', '540020', '540019', '540018', '540017', '540016', '540015', '540014', '540013', '540012', '540011', '540010', '540009', '540008', '540007', '540006', '540005', '540004', '540003', '540002', '540001', '540040', '540039', '540038', '540037', '540036', '540035', '540034', '540033', '540032', '540031', '540030', '540029', '540028', '540027', '540026', '540025', '540024', '540023', '540022', '540021', '540020', '540019', '540018', '540017', '540016', '540015', '540014', '540013', '540012', '540011', '540010', '540009', '540008', '540007', '540006', '540005', '540004', '540003', '540002', '540001', '540040', '540039', '540038', '540037', '540036', '540035', '540034', '540033', '540032', '540031', '540030', '540029', '540028', '540027', '540026', '540025', '540024', '540023', '540022', '540021', '540020', '540019', '540018', '540017', '540016', '540015', '540014', '540013', '540012', '540011', '540010', '540009', '540008', '540007', '540006', '540005', '540004', '540003', '540002', '540001', '540040', '540039', '540038', '540037', '540036', '540035', '540034', '540033', '540032', '540031', '540030', '540029', '540028', '540027', '540026', '540025', '540024', '540023', '540022', '540021', '540020', '540019', '540018', '540017', '540016', '540015', '540014', '540013', '540012', '540011', '540010', '540009', '540008', '540007', '540006', '540005', '540004', '540003', '540002', '540001', '540040', '540039', '540038', '540037', '540036', '540035', '540034', '540033', '540032', '540031', '540030', '540029', '540028', '540027', '540026', '540025', '540024', '540023', '540022', '540021', '540020', '540019', '540018', '540017', '540016', '540015', '540014', '540013', '540012', '540011', '540010', '540009', '540008', '540007', '540006', '540005', '540004', '540003', '540002', '540001', '540040', '540039', '540038', '540037', '540036', '540035', '540034', '540033', '540032', '540031', '540030', '540029', '540028', '540027', '540026', '540025', '540024', '540023', '540022', '540021', '540020', '540019', '540018', '540017', '540016', '540015', '540014', '540013', '540012', '540011', '540010', '540009', '540008', '540007', '540006', '540005', '540004', '540003', '540002', '540001', '540040', '540039', '540038', '540037', '540036', '540035', '540034', '540033', '540032', '540031', '540030', '540029', '540028', '540027', '540026', '540025', '540024', '540023', '540022', '540021', '540020', '540019', '540018', '540017', '540016', '540015', '540014', '540013', '540012', '540011', '540010', '540009', '540008', '540007', '540006', '540005', '540004', '540003', '540002', '540001', '540040', '540039', '540038', '540037', '540036', '540035', '540034', '540033', '540032', '540031', '540030', '540029', '540028', '540027', '540026', '540025', '540024', '540023', '540022', '540021', '540020', '540019', '540018', '540017', '540016', '540015', '540014', '540013', '540012', '540011', '540010', '540009', '540008', '540007', '540006', '540005', '540004', '540003', '540002', '540001', '540040', '540039', '540038', '540037', '540036', '540035', '540034', '540033', '540032', '540031', '540030', '540029', '540028', '540027', '540026', '540025', '540024', '540023', '540022', '540021', '540020', '540019', '540018', '540017', '540016', '540015', '540014', '540013', '540012', '540011', '540010', '540009', '540008', '540007', '540006', '540005', '540004', '540003', '540002', '540001', '540040', '540039', '540038', '540037', '540036', '540035', '540034', '540033', '540032', '540031', '540030', '540029', '540028', '540027', '540026', '540025', '540024', '540023', '540022', '540021', '540020', '540019', '540018', '540017', '540016', '540015', '540014', '540013', '540012', '540011', '540010', '540009', '540008', '540007', '540006', '540005', '540004', '540003', '540002', '540001', '540040', '540039', '540038', '540037', '540036', '540035', '540034', '540033', '540032', '540031', '540030', '540029', '540028', '540027', '540026', '540025', '540024', '540023', '540022', '540021', '540020', '540019', '540018', '540017', '540016', '540015', '540014', '540013', '540012', '540011', '540010', '540009', '540008', '540007', '540006', '540005', '540004', '540003', '540002', '540001', '540040', '540039', '540038', '540037', '540036', '540035', '540034', '540033', '540032', '540031', '540030', '540029', '540028', '540027', '540026', '540025', '540024', '540023', '540022', '540021', '540020', '540019', '540018', '540017', '540016', '540015', '540014', '540013', '540012', '540011', '540010', '540009', '540008', '540007', '540006', '540005', '540004', '540003', '540002', '540001', '540040', '540039', '540038', '540037', '540036', '540035', '540034', '540033', '540032', '540031', '540030', '540029', '540028', '540027', '540026', '540025', '540024', '540023', '540022', '540021', '540020', '540019', '540018', '540017', '540016', '540015', '540014', '540013', '540012', '540011', '540010', '540009', '540008', '540007', '540006', '540005', '540004', '540003', '540002', '540001', '540040', '540039', '540038', '540037', '540036', '540035', '540034', '540033', '540032', '540031', '540030', '540029', '540028', '540027', '540026', '540025', '540024', '540023', '540022', '540021', '540020', '540019', '540018', '540017', '540016', '540015', '540014', '540013', '540012', '540011', '540010', '540009', '540008', '540007', '540006', '540005', '540004', '540003', '540002', '540001', '540040', '540039', '540038', '540037', '540036', '540035', '540034', '540033', '540032', '540031', '540030', '540029', '540028', '540027', '540026', '540025', '540024', '540023', '540022', '540021', '540020', '540019', '540018', '540017', '540016', '540015', '540014', '540013', '540012', '540011', '540010', '540009', '540008', '540007', '540006', '540005', '540004', '540003', '540002', '540001', '540040', '540039', '540038', '540037', '540036', '540035', '540034', '540033', '540032', '540031', '540030', '540029', '540028', '540027', '540026', '540025', '540024', '540023', '540022', '540021', '540020', '540019', '540018', '540017', '540016', '540015', '540014', '540013', '540012', '540011', '540010', '540009', '540008', '540007', '540006', '540005', '540004', '540003', '540002', '540001', '540040', '540039', '540038', '540037', '540036', '540035', '540034', '540033', '540032', '540031', '540030', '540029', '540028', '540027', '540026', '540025', '540024', '540023', '540022', '540021', '540020', '540019', '540018', '540017', '540016', '540015', '540014', '540013', '540012', '540011', '540010', '540009', '540008', '540007', '540006', '540005', '540004', '540003', '540002', '540001', '540040', '540039', '540038', '540037', '540036', '540035', '540034', '540033', '540032', '540031', '540030', '540029', '540028', '540027', '540026', '540025', '540024', '540023', '540022', '540021', '540020', '540019', '540018', '540017', '540016', '540015', '540014', '540013', '540012', '540011', '540010', '540009', '540008', '540007', '540006', '540005', '540004', '540003', '540002', '540001', '540040', '540039', '540038', '540037', '540036', '540035', '540034', '540033', '540032', '540031', '540030', '540029', '540028', '540027', '540026', '540025', '540024', '540023', '540022', '540021', '540020', '540019', '540018', '540017', '540016', '540015', '540014', '540013', '540012', '540011', '540010', '540009', '540008', '540007', '540006', '540005', '540004', '540003', '540002', '540001', '540040', '540039', '540038', '540037', '540036', '540035', '540034', '540033', '540032', '540031', '540030', '540029', '540028', '540027', '540026', '540025', '540024', '540023', '540022', '540021', '540020', '540019', '540018', '540017', '540016', '540015', '540014', '540013', '540012', '540011', '540010', '540009', '540008', '540007', '540006', '540005', '540004', '540003', '540002', '540001', '540040', '540039', '540038', '540037', '540036', '540035', '540034', '540033', '540032', '540031', '540030', '540029', '540028', '540027', '540026', '540025', '540024', '540023', '540022', '540021', '540020', '540019', '540018', '540017', '540016', '540015', '540014', '540013', '540012', '540011', '540010', '540009', '540008', '540007', '540006', '540005', '540004', '540003', '540002', '540001', '540040', '540039', '540038', '540037', '540036', '540035', '540034', '540033', '540032', '540031', '540030', '540029', '540028', '540027', '540026', '540025', '540024', '540023', '540022', '540021', '540020', '540019', '540018', '540017', '540016', '540015', '540014', '540013', '540012', '540011', '540010', '540009', '540008', '540007', '540006', '540005', '540004', '540003', '540002', '540001', '540040', '540039', '540038', '540037', '540036', '540035', '540034', '540033', '540032', '540031', '540030', '540029', '540028', '540027', '540026', '540025', '540024', '540023', '540022', '540021', '540020', '540019', '540018', '540017', '540016', '540015', '540014', '540013', '540012', '540011', '540010', '540009', '540008', '540007', '540006', '540005', '540004', '540003', '540002', '540001', '540040', '540039', '540038', '540037', '540036', '540035', '540034', '540033', '540032', '540031', '540030', '540029', '540028', '540027', '540026', '540025', '540024', '540023', '540022', '540021', '540020', '540019', '540018', '540017', '540016', '540015', '540014', '540013', '540012', '540011', '540010', '540009', '540008', '540007', '540006', '540005', '540004', '540003', '540002', '540001', '540040', '540039', '540038', '540037', '540036', '540035', '540034', '540033', '540032', '540031', '540030', '540029', '540028', '540027', '540026', '540025', '540024', '540023', '540022', '540021', '540020', '540019', '540018', '540017', '540016', '540015', '540014', '540013', '540012', '540011', '540010', '540009', '540008', '540007', '540006', '540005', '540004', '540003', '540002', '540001', '540040', '540039', '540038', '540037', '540036', '540035', '540034', '540033', '540032', '540031', '540030', '540029', '540028', '540027', '540026', '540025', '540024', '540023', '540022', '540021', '540020', '540019', '540018', '540017', '540016', '540015', '540014', '540013', '540012', '540011', '540010', '540009', '540008', '540007', '540006', '540005', '540004', '540003', '540002', '540001', '540040', '540039', '540038', '540037', '540036', '540035', '540034', '540033', '540032', '540031', '540030', '540029', '540028', '540027', '540026', '540025', '540024', '540023', '540022', '540021', '540020', '540019', '540018', '540017', '540016', '540015', '540014', '540013', '540012', '540011', '540010', '540009', '540008', '540007', '540006', '540005', '540004', '540003', '540002', '540001', '540040', '540039', '540038', '540037', '540036', '540035', '540034', '540033', '540032', '540031', '540030', '540029', '540028', '540027', '540026', '540025', '540024', '540023', '540022', '540021', '540020', '540019', '540018', '540017', '540016', '540015', '540014', '540013', '540012', '540011', '540010', '540009', '540008', '540007', '540006', '540005', '540004', '540003', '540002', '540001', '540040', '540039', '540038', '540037', '540036', '540035', '540034', '540033', '540032', '540031', '540030', '540029', '540028', '540027', '540026', '540025', '540024', '540023', '540022', '540021', '540020', '540019', '540018', '540017', '540016', '540015', '540014', '540013', '540012', '540011', '540010', '540009', '540008', '540007', '540006', '540005', '540004', '540003', '540002', '540001', '540040', '540039', '540038', '540037', '540036', '540035', '540034', '540033', '540032', '540031', '540030', '540029', '540028', '540027', '540026', '540025', '540024', '540023', '540022', '540021', '540020', '540019', '540018', '540017', '540016', '540015', '540014', '540013', '540012', '540011', '540010', '540009', '540008', '540007', '540006', '540005', '540004', '540003', '540002', '540001', '540040', '540039', '540038', '540037', '540036', '540035', '540034', '540033', '540032', '540031', '540030', '540029', '540028', '540027', '540026', '540025', '540024', '540023', '540022', '540021', '540020', '540019', '540018', '540017', '540016', '540015', '540014', '540013', '540012', '540011', '540010', '540009', '540008', '540007', '540006', '540005', '540004', '540003', '540002', '540001', '540040', '540039', '540038', '540037', '540036', '540035', '540034', '540033', '540032', '540031', '540030', '540029', '540028', '540027', '540026', '540025', '540024', '540023', '540022', '540021', '540020', '540019', '540018', '540017', '540016', '540015', '540014', '540013', '540012', '540011', '540010', '540009', '540008', '540007', '540006', '540005', '540004', '540003', '540002', '540001', '540040', '540039', '540038', '540037', '540036', '540035', '540034', '540033', '540032', '540031', '540030', '540029', '540028', '540027', '540026', '540025', '540024', '540023', '540022', '540021', '540020', '540019', '540018', '540017', '540016', '540015', '540014', '540013', '540012', '540011', '540010', '540009', '540008', '540007', '540006', '540005', '540004', '540003', '540002', '540001', '540040', '540039', '540038', '540037', '540036', '540035', '540034', '540033', '540032', '540031', '540030', '540029', '540028', '540027', '540026', '540025', '540024', '540023', '540022', '540021', '540020', '540019', '540018', '540017', '540016', '540015', '540014', '540013', '540012', '540011', '540010', '540009', '540008', '540007', '540006', '540005', '540004', '540003', '540002', '540001', '540040', '540039', '540038', '540037', '540036', '540035', '540034', '540033', '540032', '540031', '540030', '540029', '540028', '540027', '540026', '540025', '540024', '540023', '540022', '540021', '540020', '540019', '540018', '540017', '540016', '540015', '540014', '540013', '540012', '540011', '540010', '540009', '540008', '540007', '540006', '540005', '540004', '540003', '540002', '540001', '540040', '540039', '540038', '540037', '540036', '540035', '540034', '540033', '540032', '540031', '540030', '540029', '540028', '540027', '540026', '540025', '540024', '540023', '540022', '540021', '540020', '540019', '540018', '540017', '540016', '540015', '540014', '540013', '540012', '540011', '540010', '540009', '540008', '540007', '540006', '540005', '540004', '540003', '540002', '540001', '540040', '540039', '540038', '540037', '540036', '540035', '540034', '540033', '540032', '540031', '540030', '540029', '540028', '540027', '540026', '540025', '540024', '540023', '540022', '540021', '540020', '540019', '540018', '540017', '540016', '540015', '540014', '540013', '540012', '540011', '540010', '540009', '540008', '540007', '540006', '540005', '540004', '540003', '540002', '540001', '540040', '540039', '540038', '540037', '540036', '540035', '540034', '540033', '540032', '540031', '540030', '540029', '540028', '540027', '540026', '540025', '540024', '540023', '540022', '540021', '540020', '540019', '540018', '540017', '540016', '540015', '540014', '540013', '540012', '540011', '540010', '540009', '540008', '540007', '540006', '540005', '540004', '540003', '540002', '540001', '540040', '540039', '540038', '540037', '540036', '540035', '540034', '540033', '540032', '540031', '540030', '540029', '540028', '540027', '540026', '540025', '540024', '540023', '540022', '540021', '540020', '540019', '540018', '540017', '540016', '540015', '540014', '540013', '540012', '540011', '540010', '540009', '540008', '540007', '540006', '540005', '540004', '540003', '540002', '540001', '540040', '540039', '540038', '540037', '540036', '540035', '540034', '540033', '540032', '540031', '540030', '540029', '540028', '540027', '540026', '540025', '540024', '540023', '540022', '540021', '540020', '540019', '540018', '540017', '540016', '540015', '540014', '540013', '540012', '540011', '540010', '540009', '540008', '540007', '540006', '540005', '540004', '540003', '540002', '540001', '540040', '540039', '540038', '540037', '540036', '540035', '540034', '540033', '540032', '540031', '540030', '540029', '540028', '540027', '540026', '540025', '540024', '540023', '540022', '540021', '540020', '540019', '540018', '540017', '540016', '540015', '540014', '540013', '540012', '540011', '540010', '540009', '540008', '540007', '540006', '540005', '540004', '540003', '540002', '540001', '540040', '540039', '540038', '540037', '540036', '540035', '540034', '540033', '540032', '540031', '540030', '540029', '540028', '540027', '540026', '540025', '540024', '540023', '540022', '540021', '540020', '540019', '540018', '540017', '540016', '540015', '540014', '540013', '540012', '540011', '540010', '540009', '540008', '540007', '540006', '540005', '540004', '540003', '540002', '540001', '540040', '540039', '540038', '540037', '540036', '540035', '540034', '540033', '540032', '540031', '540030', '540029', '540028', '540027', '540026', '540025', '540024', '540023', '540022', '540021', '540020', '540019', '540018', '540017', '540016', '540015', '540014', '540013', '540012', '540011', '540010', '540009', '540008', '540007', '540006', '540005', '540004', '540003', '540002', '540001', '540040', '540039', '540038', '540037', '540036', '540035', '540034', '540033', '540032', '540031', '540030', '540029', '540028', '540027', '540026', '540025', '540024', '540023', '540022', '540021', '540020', '540019', '540018', '540017', '540016', '540015', '540014', '540013', '540012', '540011', '540010', '540009', '540008', '540007', '540006', '540005', '540004', '540003', '540002', '540001', '540040', '540039', '540038', '540037', '540036', '540035', '540034', '540033', '540032', '540031', '540030', '540029', '540028', '540027', '540026', '540025', '540024', '540023', '540022', '540021', '540020', '540019', '540018', '540017', '540016', '540015', '540014', '540013', '540012', '540011', '540010', '540009', '540008', '540007', '540006', '540005', '540004', '540003', '540002', '540001', '540040', '540039', '540038', '540037', '540036', '540035', '540034', '540033', '540032', '540031', '540030', '540029', '540028', '540027', '540026', '540025', '540024', '540023', '540022', '540021', '540020', '540019', '540018', '540017', '540016', '540015', '540014', '540013', '540012', '540011', '540010', '540009', '540008', '540007', '540006', '540005', '540004', '540003', '540002', '540001', '540040', '540039', '540038', '540037', '540036', '540035', '540034', '540033', '540032', '540031', '540030', '540029', '540028', '540027', '540026', '540025', '540024', '540023', '540022', '540021', '540020', '540019', '540018', '540017', '540016', '540015', '540014', '540013', '540012', '540011', '540010', '540009', '540008', '540007', '540006', '540005', '540004', '540003', '540002', '540001', '540040', '540039', '540038', '540037', '540036', '540035', '540034', '540033', '540032', '540031', '540030', '540029', '540028', '540027', '540026', '540025', '540024', '540023', '540022', '540021', '540020', '540019', '540018', '540017', '540016', '540015', '540014', '540013', '540012', '540011', '540010', '540009', '540008', '540007', '540006', '540005', '540004', '540003', '540002', '540001', '540040', '540039', '540038', '540037', '540036', '540035', '540034', '540033', '540032', '540031', '540030', '540029', '540028', '540027', '540026', '540025', '540024', '540023', '540022', '540021', '540020', '540019', '540018', '540017', '540016', '540015', '540014', '540013', '540012', '540011', '540010', '540009', '540008', '540007', '540006', '540005', '540004', '540003', '540002', '540001', '540040', '540039', '540038', '540037', '540036', '540035', '540034', '540033', '540032', '540031', '540030', '540029', '540028', '540027', '540026', '540025', '540024', '540023', '540022', '540021', '540020', '540019', '540018', '540017', '540016', '540015', '540014', '540013', '540012', '540011', '540010', '540009', '540008', '540007', '540006', '540005', '540004', '540003', '540002', '540001', '540040', '540039', '540038', '540037', '540036', '540035', '540034', '540033', '540032', '540031', '540030', '540029', '540028', '540027', '540026', '540025', '540024', '540023', '540022', '540021', '540020', '540019', '540018', '540017', '540016', '540015', '540014', '540013', '540012', '540011', '540010', '540009', '540008', '540007', '540006', '540005', '540004', '540003', '540002', '540001', '540040', '540039', '540038', '540037', '540036', '540035', '540034', '540033', '540032', '540031', '540030', '540029', '540028', '540027', '540026', '540025', '540024', '540023', '540022', '540021', '540020', '540019', '540018', '540017', '540016', '540015', '540014', '540013', '540012', '540011', '540010', '540009', '540008', '540007', '540006', '540005', '540004', '540003', '540002', '540001', '540040', '540039', '540038', '540037', '540036', '540035', '540034', '540033', '540032', '540031', '540030', '540029', '540028', '540027', '540026', '540025', '540024', '540023', '540022', '540021', '540020', '540019', '540018', '540017', '540016', '540015', '540014', '540013', '540012', '540011', '540010', '540009', '540008', '540007', '540006', '540005', '540004', '540003', '540002', '540001', '540040', '540039', '540038', '540037', '540036', '540035', '540034', '540033', '540032', '540031', '540030', '540029', '540028', '540027', '540026', '540025', '540024', '540023', '540022', '540021', '540020', '540019', '540018', '540017', '540016', '540015', '540014', '540013', '540012', '540011', '540010', '540009', '540008', '540007', '540006', '540005', '540004', '540003', '540002', '540001', '540040', '540039', '540038', '540037', '540036', '540035', '540034', '540033', '540032', '540031', '540030', '540029', '540028', '540027', '540026', '540025', '540024', '540023', '540022', '540021', '540020', '540019', '540018', '540017', '540016', '540015', '540014', '540013', '540012', '540011', '540010', '540009', '540008', '540007', '540006', '540005', '540004', '540003', '540002', '540001', '540040', '540039', '540038', '540037', '540036', '540035', '540034', '540033', '540032', '540031', '540030', '540029', '540028', '540027', '540026', '540025', '540024', '540023', '540022', '540021', '540020', '540019', '540018', '540017', '540016', '540015', '540014', '540013', '540012', '540011', '540010', '540009', '540008', '540007', '540006', '540005', '540004', '540003', '540002', '540001', '540040', '540039', '540038', '540037', '540036', '540035', '540034', '540033', '540032', '540031', '540030', '540029', '540028', '540027', '540026', '540025', '540024', '540023', '540022', '540021', '540020', '540019', '540018', '540017', '540016', '540015', '540014', '540013', '540012', '540011', '540010', '540009', '540008', '540007', '540006', '540005', '540004', '540003', '540002', '540001', '540040', '540039', '540038', '540037', '540036', '540035', '540034', '540033', '540032', '540031', '540030', '540029', '540028', '540027', '540026', '540025', '540024', '540023', '540022', '540021', '540020', '540019', '540018', '540017', '540016', '540015', '540014', '540013', '540012', '540011', '540010', '540009', '540008', '540007', '540006', '540005', '540004', '540003', '540002', '540001', '540040', '540039', '540038', '540037', '540036', '540035', '540034', '540033', '540032', '540031', '540030', '540029', '540028', '540027', '540026', '540025', '540024', '540023', '540022', '540021', '540020', '540019', '540018', '540017', '540016', '540015', '540014', '540013', '540012', '540011', '540010', '540009', '540008', '540007', '540006', '540005', '540004', '540003', '540002', '540001', '540040', '540039', '540038', '540037', '540036', '540035', '540034', '540033', '540032', '540031', '540030', '540029', '540028', '540027', '540026', '540025', '540024', '540023', '540022', '540021', '540020', '540019', '540018', '540017', '540016', '540015', '540014', '540013', '540012', '540011', '540010', '540009', '540008', '540007', '540006', '540005', '540004', '540003', '540002', '540001', '540040', '540039', '540038', '540037', '540036', '540035', '540034', '540033', '540032', '540031', '540030', '540029', '540028', '540027', '540026', '540025', '540024', '540023', '540022', '540021', '540020', '540019', '540018', '540017', '540016', '540015', '540014', '540013', '540012', '540011', '540010', '540009', '540008', '540007', '540006', '540005', '540004', '540003', '540002', '540001', '540040', '540039', '540038', '540037', '540036', '540035', '540034', '540033', '540032', '540031', '540030', '540029', '540028', '540027', '540026', '540025', '540024', '540023', '540022', '540021', '540020', '540019', '540018', '540017', '540016', '540015', '540014', '540013', '540012', '540011', '540010', '540009', '540008', '540007', '540006', '540005', '540004', '540003', '540002', '540001', '540040', '540039', '540038', '540037', '540036', '540035', '540034', '540033', '540032', '540031', '540030', '540029', '540028', '540027', '540026', '540025', '540024', '540023', '540022', '540021', '540020', '540019', '540018', '540017', '540016', '540015', '540014', '540013', '540012', '540011', '540010', '540009', '540008', '540007', '540006', '540005', '540004', '540003', '540002', '540001', '540040', '540039', '540038', '540037', '540036', '540035', '540034', '540033', '540032', '540031', '540030', '540029', '540028', '540027', '540026', '540025', '540024', '540023', '540022', '540021', '540020', '540019', '540018', '540017', '540016', '540015', '540014', '540013', '540012', '540011', '540010', '540009', '540008', '540007', '540006', '540005', '540004', '540003', '540002', '540001', '540040', '540039', '540038', '540037', '540036', '540035', '540034', '540033', '540032', '540031', '540030', '540029', '540028', '540027', '540026', '540025', '540024', '540023', '540022', '540021', '540020', '540019', '540018', '540017', '540016', '540015', '540014', '540013', '540012', '540011', '540010', '540009', '540008', '540007', '540006', '540005', '540004', '540003', '540002', '540001', '540040', '540039', '540038', '540037', '540036', '540035', '540034', '540033', '540032', '540031', '540030', '540029', '540028', '540027', '540026', '540025', '540024', '540023', '540022', '540021', '540020', '540019', '540018', '540017', '540016', '540015', '540014', '540013', '540012', '540011', '540010', '540009', '540008', '540007', '540006', '540005', '540004', '540003', '540002', '540001', '540040', '540039', '540038', '540037', '540036', '540035', '540034', '540033', '540032', '540031', '540030', '540029', '540028', '540027', '540026', '540025', '540024', '540023', '540022', '540021', '540020', '540019', '540018', '540017', '540016', '540015', '540014', '540013', '540012', '540011', '540010', '540009', '540008', '540007', '540006', '540005', '540004', '540003', '540002', '540001', '540040', '540039', '540038', '540037', '540036', '540035', '540034', '540033', '540032', '540031', '540030', '540029', '540028', '540027', '540026', '540025', '540024', '540023', '540022', '540021', '540020', '540019', '540018', '540017', '540016', '540015', '540014', '540013', '540012', '540011', '540010', '540009', '540008', '540007', '540006', '540005', '540004', '540003', '540002', '540001', '540040', '540039', '540038', '540037', '540036', '540035', '540034', '540033', '540032', '540031', '540030', '540029', '540028', '540027', '540026', '540025', '540024', '540023', '540022', '540021', '540020', '540019', '540018', '540017', '540016', '540015', '540014', '540013', '540012', '540011', '540010', '540009', '540008', '540007', '540006', '540005', '540004', '540003', '540002', '540001', '540040', '540039', '540038', '540037', '540036', '540035', '540034', '540033', '540032', '540031', '540030', '540029', '540028', '540027', '540026', '540025', '540024', '540023', '540022', '540021', '540020', '540019', '540018', '540017', '540016', '540015', '540014', '540013', '540012', '540011', '540010', '540009', '540008', '540007', '540006', '540005', '540004', '540003', '540002', '540001', '540040', '540039', '540038', '540037', '540036', '540035', '540034', '540033', '540032', '540031', '540030', '540029', '540028', '540027', '540026', '540025', '540024', '540023', '540022', '540021', '540020', '540019', '540018', '540017', '540016', '540015', '540014', '540013', '540012', '540011', '540010', '540009', '540008', '540007', '540006', '540005', '540004', '540003', '540002', '540001', '540040', '540039', '540038', '540037', '540036', '540035', '540034', '540033', '540032', '540031', '540030', '540029', '540028', '540027', '540026', '540025', '540024', '540023', '540022', '540021', '540020', '540019', '540018', '540017', '540016', '540015', '540014', '540013', '540012', '540011', '540010', '540009', '540008', '540007', '540006', '540005', '540004', '540003', '540002', '540001', '540040', '540039', '540038', '540037', '540036', '540035', '540034', '540033', '540032', '540031', '540030', '540029', '540028', '540027', '540026', '540025', '540024', '540023', '540022', '540021', '540020', '540019', '540018', '540017', '540016', '540015', '540014', '540013', '540012', '540011', '540010', '540009', '540008', '540007', '540006', '540005', '540004', '540003', '540002', '540001', '540040', '540039', '540038', '540037', '540036', '540035', '540034', '540033', '540032', '540031', '540030', '540029', '540028', '540027', '540026', '540025', '540024', '540023', '540022', '540021', '540020', '540019', '540018', '540017', '540016', '540015', '540014', '540013', '540012', '540011', '540010', '540009', '540008', '540007', '540006', '540005', '540004', '540003', '540002', '540001', '540040', '540039', '540038', '540037', '540036', '540035', '540034', '540033', '540032', '540031', '540030', '540029', '540028', '540027', '540026', '540025', '540024', '540023', '540022', '540021', '540020', '540019', '540018', '540017', '540016', '540015', '540014', '540013', '540012', '540011', '540010', '540009', '540008', '540007', '540006', '540005', '540004', '540003', '540002', '540001', '540040', '540039', '540038', '540037', '540036', '540035', '540034', '540033', '540032', '540031', '540030', '540029', '540028', '540027', '540026', '540025', '540024', '540023', '540022', '540021', '540020', '540019', '540018', '540017', '540016', '540015', '540014', '540013', '540012', '540011', '540010', '540009', '540008', '540007', '540006', '540005', '540004', '540003', '540002', '540001', '540040', '540039', '540038', '540037', '540036', '540035', '540034', '540033', '540032', '540031', '540030', '540029', '540028', '540027', '540026', '540025', '540024', '540023', '540022', '540021', '540020', '540019', '540018', '540017', '540016', '540015', '540014', '540013', '540012', '540011', '540010', '540009', '540008', '540007', '540006', '540005', '540004', '540003', '540002', '540001', '540040', '540039', '540038', '540037', '540036', '540035', '540034', '540033', '540032', '540031', '540030', '540029', '540028', '540027', '540026', '540025', '540024', '540023', '540022', '540021', '540020', '540019', '540018', '540017', '540016', '540015', '540014', '540013', '540012', '540011', '540010', '540009', '540008', '540007', '540006', '540005', '540004', '540003', '540002', '540001', '540040', '540039', '540038', '540037', '540036', '540035', '540034', '540033', '540032', '540031', '540030', '540029', '540028', '540027', '540026', '540025', '540024', '540023', '540022', '540021', '540020', '540019', '540018', '540017', '540016', '540015', '540014', '540013', '540012', '540011', '540010', '540009', '540008', '540007', '540006', '540005', '540004', '540003', '540002', '540001', '540040', '540039', '540038', '540037', '540036', '540035', '540034', '540033', '540032', '540031', '540030', '540029', '540028', '540027', '540026', '540025', '540024', '540023', '540022', '540021', '540020', '540019', '540018', '540017', '540016', '540015', '540014', '540013', '540012', '540011', '540010', '540009', '540008', '540007', '540006', '540005', '540004', '540003', '540002', '540001', '540040', '540039', '540038', '540037', '540036', '540035', '540034', '540033', '540032', '540031', '540030', '540029', '540028', '540027', '540026', '540025', '540024', '540023', '540022', '540021', '540020', '540019', '540018', '540017', '540016', '540015', '540014', '540013', '540012', '540011', '540010', '540009', '540008', '540007', '540006', '540005', '540004', '540003', '540002', '540001', '540040', '540039', '540038', '540037', '540036', '540035', '540034', '540033', '540032', '540031', '540030', '540029', '540028', '540027', '540026', '540025', '540024', '540023', '540022', '540021', '540020', '540019', '540018', '540017', '540016', '540015', '540014', '540013', '540012', '540011', '540010', '540009', '540008', '540007', '540006', '540005', '540004', '540003', '540002', '540001', '540040', '540039', '540038', '540037', '540036', '540035', '540034', '540033', '540032', '540031', '540030', '540029', '540028', '540027', '540026', '540025', '540024', '540023', '540022', '540021', '540020', '540019', '540018', '540017', '540016', '540015', '540014', '540013', '540012', '540011', '540010', '540009', '540008', '540007', '540006', '540005', '540004', '540003', '540002', '540001', '540040', '540039', '540038', '540037', '540036', '540035', '540034', '540033', '540032', '540031', '540030', '540029', '540028', '540027', '540026', '540025', '540024', '540023', '540022', '540021', '540020', '540019', '540018', '540017', '540016', '540015', '540014', '540013', '540012', '540011', '540010', '540009', '540008', '540007', '540006', '540005', '540004', '540003', '540002', '540001', '540040', '540039', '540038', '540037', '540036', '540035', '540034', '540033', '540032', '540031', '540030', '540029', '540028', '540027', '540026', '540025', '540024', '540023', '540022', '540021', '540020', '540019', '540018', '540017', '540016', '540015', '540014', '540013', '540012', '540011', '540010', '540009', '540008', '540007', '540006', '540005', '540004', '540003', '540002', '540001', '540040', '540039', '540038', '540037', '540036', '540035', '540034', '540033', '540032', '540031', '540030', '540029', '540028', '540027', '540026', '540025', '540024', '540023', '540022', '540021', '540020', '540019', '540018', '540017', '540016', '540015', '540014', '540013', '540012', '540011', '540010', '540009', '540008', '540007', '540006', '540005', '540004', '540003', '540002', '540001', '540040', '540039', '540038', '540037', '540036', '540035', '540034', '540033', '540032', '540031', '540030', '540029', '540028', '540027', '540026', '540025', '540024', '540023', '540022', '540021', '540020', '540019', '540018', '540017', '540016', '540015', '540014', '540013', '540012', '540011', '540010', '540009', '540008', '540007', '540006', '540005', '540004', '540003', '540002', '540001', '540040', '540039', '540038', '540037', '540036', '540035', '540034', '540033', '540032', '540031', '540030', '540029', '540028', '540027', '540026', '540025', '540024', '540023', '540022', '540021', '540020', '540019', '540018', '540017', '540016', '540015', '540014', '540013', '540012', '540011', '540010', '540009', '540008', '540007', '540006', '540005', '540004', '540003', '540002', '540001', '540040', '540039', '540038', '540037', '540036', '540035', '540034', '540033', '540032', '540031', '540030', '540029', '540028', '540027', '540026', '540025', '540024', '540023', '540022', '540021', '540020', '540019', '540018', '540017', '540016', '540015', '540014', '540013', '540012', '540011', '540010', '540009', '540008', '540007', '540006', '540005', '540004', '540003', '540002', '540001', '540040', '540039', '540038', '540037', '540036', '540035', '540034', '540033', '540032', '540031', '540030', '540029', '540028', '540027', '540026', '540025', '540024', '540023', '540022', '540021', '540020', '540019', '540018', '540017', '540016', '540015', '540014', '540013', '540012', '540011', '540010', '540009', '540008', '540007', '540006', '540005', '540004', '540003', '540002', '540001', '540040', '540039', '540038', '540037', '540036', '540035', '540034', '540033', '540032', '540031', '540030', '540029', '540028', '540027', '540026', '540025', '540024', '540023', '540022', '540021', '540020', '540019', '540018', '540017', '540016', '540015', '540014', '540013', '540012', '540011', '540010', '540009', '540008', '540007', '540006', '540005', '540004', '540003', '540002', '540001', '540040', '540039', '540038', '540037', '540036', '540035', '540034', '540033', '540032', '540031', '540030', '540029', '540028', '540027', '540026', '540025', '540024', '540023', '540022', '540021', '540020', '540019', '540018', '540017', '540016', '540015', '540014', '540013', '540012', '540011', '540010', '540009', '540008', '540007', '540006', '540005', '540004', '540003', '540002', '540001', '540040', '540039', '540038', '540037', '540036', '540035', '540034', '540033', '540032', '540031', '540030', '540029', '540028', '540027', '540026', '540025', '540024', '540023', '540022', '540021', '540020', '540019', '540018', '540017', '540016', '540015', '540014', '540013', '540012', '540011', '540010', '540009', '540008', '540007', '540006', '540005', '540004', '540003', '540002', '540001', '540040', '540039', '540038', '540037', '540036', '540035', '540034', '540033', '540032', '540031', '540030', '540029', '540028', '540027', '540026', '540025', '540024', '540023', '540022', '540021', '540020', '540019', '540018', '540017', '540016', '540015', '540014', '540013', '540012', '540011', '540010', '540009', '540008', '540007', '540006', '540005', '540004', '540003', '540002', '540001', '540040', '540039', '540038', '540037', '540036', '540035', '540034', '540033', '540032', '540031', '540030', '540029', '540028', '540027', '540026', '540025', '540024', '540023', '540022', '540021', '540020', '540019', '540018', '540017', '540016', '540015', '540014', '540013', '540012', '540011', '540010', '540009', '540008', '540007', '540006', '540005', '540004', '540003', '540002', '540001', '540040', '540039', '540038', '540037', '540036', '540035', '540034', '540033', '540032', '540031', '540030', '540029', '540028', '540027', '540026', '540025', '540024', '540023', '540022', '540021', '540020', '540019', '540018', '540017', '540016', '540015', '540014', '540013', '540012', '540011', '540010', '540009', '540008', '540007', '540006', '540005', '540004', '540003', '540002', '540001', '540040', '540039', '540038', '540037', '540036', '540035', '540034

Processed file PID-997_07 Tank Farm B and C Steam and Condensate.pdf, generated 0 tags.

Error generating and validating equipment list: Error code: 400 - {'error': {'message': "The response was filtered due to the prompt triggering Azure OpenAI's content management policy. Please modify your prompt and retry. To learn more about our content filtering policies please read our documentation: https://go.microsoft.com/fwlink/?linkid=2198766", 'type': None, 'param': 'prompt', 'code': 'content_filter', 'status': 400, 'innererror': {'code': 'ResponsibleAIPolicyViolation', 'content_filter_result': {'hate': {'filtered': False, 'severity': 'safe'}, 'jailbreak': {'filtered': True, 'detected': True}, 'self_harm': {'filtered': False, 'severity': 'safe'}, 'sexual': {'filtered': False, 'severity': 'safe'}, 'violence': {'filtered': False, 'severity': 'safe'}}}}}

Failed to generate valid equipment list after 4 tries. Last output:
None
Last model ouptut:
None

Processed file PID-997_07 Tank Farm B and C Steam and Condensate.pdf, generated 0 tags.

Error generating and validating equipment list: unterminated string literal (detected at line 3271) (<unknown>, line 3271)

Failed to generate valid equipment list after 4 tries. Last output:
[
    "VV-540224-S104",
    "FI",
    "TT",
    "LIC",
    "TI",
    "TAHH",
    "LSLL",
    "LALL",
    "PT",
    "PI",
    "TT",
    "TI",
    "XV",
    "PSV",
    "FV",
    "PDI",
    "HS",
    "LDZ",
    "PAHH",
    "PCV",
    "QIC-54012",
    "PSV-54003",
    "PR",
    "YV54016",
    "FCV54016",
    "FV54011",
    "T-1150",
    "T-5803",
    "T-950",
    "540P15A",
    "540P14",
    "540P12",
    "540P6B",
    "540P6A",
    "540P12A",
    "540P12B",
    "540P15B",
    "540P14A",
    "540P14B",
    "540C4",
    "540E4",
    "540CE540",
    "540E9",
    "540E5",
    "54003",
    "54013",
    "54015",
    "54014",
    "54009A",
    "54009B",
    "54006",
    "54010",
    "54011",
    "54012",
    "54016",
    "54018",
    "54023",
    "54024",
    "54027",
    "54028",
    "54029",
    "54060",
    "54061",
    "54062",
    "540V2",
    "54009",
    "54004",
    "54002",
    "54001",
    "54007",
    "54013A",
    "54013",
    "54013",
    "54013",
    "54013",
    "54013",
    "54013",
    "54013",
    "54013",
    "54013",
    "54013",
    "54013",
    "54013",
    "54013",
    "54013",
    "54013",
    "54013",
    "54013",
    "54013",
    "54013",
    "54013",
    "54013",
    "54013",
    "54013",
    "54013",
    "54013",
    "54013",
    "54013",
    "54013",
    "54013",
    "54013",
    "54013",
    "54013",
    "54013",
    "54013",
    "54013",
    "54013",
    "54013",
    "54013",
    "54013",
    "54013",
    "54013",
    "54013",
    "54013",
    "54013",
    "54013",
    "54013",
    "54013",
    "54013",
    "54013",
    "54013",
    "54013",
    "54013",
    "54013",
    "54013",
    "54013",
    "54013",
    "54013",
    "54013",
    "54013",
    "54013",
    "54013",
    "54013",
    "54013",
    "54013",
    "54013",
    "54013",
    "54013",
    "54013",
    "54013",
    "54013",
    "54013",
    "54013",
    "54013",
    "54013",
    "54013",
    "54013",
    "54013",
    "54013",
    "54013",
    "54013",
    "54013",
    "54013",
    "54013",
    "54013",
    "54013",
    "54013",
    "54013",
    "54013",
    "54013",
    "54013",
    "54013",
    "54013",
    "54013",
    "54013",
    "54013",
    "54013",
    "54013",
    "54013",
    "54013",
    "54013",
    "54013",
    "54013",
    "54013",
    "54013",
    "54013",
    "54013",
    "54013",
    "54013",
    "54013",
    "54013",
    "54013",
    "54013",
    "54013",
    "54013",
    "54013",
    "54013",
    "54013",
    "54013",
    "54013",
    "54013",
    "54013",
    "54013",
    "54013",
    "54013",
    "54013",
    "54013",
    "54013",
    "54013",
    "54013",
    "54013",
    "54013",
    "54013",
    "54013",
    "54013",
    "54013",
    "54013",
    "54013",
    "54013",
    "54013",
    "54013",
    "54013",
    "54013",
    "54013",
    "54013",
    "54013",
    "54013",
    "54013",
    "54013",
    "54013",
    "54013",
    "54013",
    "54013",
    "54013",
    "54013",
    "54013",
    "54013",
    "54013",
    "54013",
    "54013",
    "54013",
    "54013",
    "54013",
    "54013",
    "54013",
    "54013",
    "54013",
    "54013",
    "54013",
    "54013",
    "54013",
    "54013",
    "54013",
    "54013",
    "54013",
    "54013",
    "54013",
    "54013",
    "54013",
    "54013",
    "54013",
    "54013",
    "54013",
    "54013",
    "54013",
    "54013",
    "54013",
    "54013",
    "54013",
    "54013",
    "54013",
    "54013",
    "54013",
    "54013",
    "54013",
    "54013",
    "54013",
    "54013",
    "54013",
    "54013",
    "54013",
    "54013",
    "54013",
    "54013",
    "54013",
    "54013",
    "54013",
    "54013",
    "54013",
    "54013",
    "54013",
    "54013",
    "54013",
    "54013",
    "54013",
    "54013",
    "54013",
    "54013",
    "54013",
    "54013",
    "54013",
    "54013",
    "54013",
    "54013",
    "54013",
    "54013",
    "54013",
    "54013",
    "54013",
    "54013",
    "54013",
    "54013",
    "54013",
    "54013",
    "54013",
    "54013",
    "54013",
    "54013",
    "54013",
    "54013",
    "54013",
    "54013",
    "54013",
    "54013",
    "54013",
    "54013",
    "54013",
    "54013",
    "54013",
    "54013",
    "54013",
    "54013",
    "54013",
    "54013",
    "54013",
    "54013",
    "54013",
    "54013",
    "54013",
    "54013",
    "54013",
    "54013",
    "54013",
    "54013",
    "54013",
    "54013",
    "54013",
    "54013",
    "54013",
    "54013",
    "54013",
    "54013",
    "54013",
    "54013",
    "54013",
    "54013",
    "54013",
    "54013",
    "54013",
    "54013",
    "54013",
    "54013",
    "54013",
    "54013",
    "54013",
    "54013",
    "54013",
    "54013",
    "54013",
    "54013",
    "54013",
    "54013",
    "54013",
    "54013",
    "54013",
    "54013",
    "54013",
    "54013",
    "54013",
    "54013",
    "54013",
    "54013",
    "54013",
    "54013",
    "54013",
    "54013",
    "54013",
    "54013",
    "54013",
    "54013",
    "54013",
    "54013",
    "54013",
    "54013",
    "54013",
    "54013",
    "54013",
    "54013",
    "54013",
    "54013",
    "54013",
    "54013",
    "54013",
    "54013",
    "54013",
    "54013",
    "54013",
    "54013",
    "54013",
    "54013",
    "54013",
    "54013",
    "54013",
    "54013",
    "54013",
    "54013",
    "54013",
    "54013",
    "54013",
    "54013",
    "54013",
    "54013",
    "54013",
    "54013",
    "54013",
    "54013",
    "54013",
    "54013",
    "54013",
    "54013",
    "54013",
    "54013",
    "54013",
    "54013",
    "54013",
    "54013",
    "54013",
    "54013",
    "54013",
    "54013",
    "54013",
    "54013",
    "54013",
    "54013",
    "54013",
    "54013",
    "54013",
    "54013",
    "54013",
    "54013",
    "54013",
    "54013",
    "54013",
    "54013",
    "54013",
    "54013",
    "54013",
    "54013",
    "54013",
    "54013",
    "54013",
    "54013",
    "54013",
    "54013",
    "54013",
    "54013",
    "54013",
    "54013",
    "54013",
    "54013",
    "54013",
    "54013",
    "54013",
    "54013",
    "54013",
    "54013",
    "54013",
    "54013",
    "54013",
    "54013",
    "54013",
    "54013",
    "54013",
    "54013",
    "54013",
    "54013",
    "54013",
    "54013",
    "54013",
    "54013",
    "54013",
    "54013",
    "54013",
    "54013",
    "54013",
    "54013",
    "54013",
    "54013",
    "54013",
    "54013",
    "54013",
    "54013",
    "54013",
    "54013",
    "54013",
    "54013",
    "54013",
    "54013",
    "54013",
    "54013",
    "54013",
    "54013",
    "54013",
    "54013",
    "54013",
    "54013",
    "54013",
    "54013",
    "54013",
    "54013",
    "54013",
    "54013",
    "54013",
    "54013",
    "54013",
    "54013",
    "54013",
    "54013",
    "54013",
    "54013",
    "54013",
    "54013",
    "54013",
    "54013",
    "54013",
    "54013",
    "54013",
    "54013",
    "54013",
    "54013",
    "54013",
    "54013",
    "54013",
    "54013",
    "54013",
    "54013",
    "54013",
    "54013",
    "54013",
    "54013",
    "54013",
    "54013",
    "54013",
    "54013",
    "54013",
    "54013",
    "54013",
    "54013",
    "54013",
    "54013",
    "54013",
    "54013",
    "54013",
    "54013",
    "54013",
    "54013",
    "54013",
    "54013",
    "54013",
    "54013",
    "54013",
    "54013",
    "54013",
    "54013",
    "54013",
    "54013",
    "54013",
    "54013",
    "54013",
    "54013",
    "54013",
    "54013",
    "54013",
    "54013",
    "54013",
    "54013",
    "54013",
    "54013",
    "54013",
    "54013",
    "54013",
    "54013",
    "54013",
    "54013",
    "54013",
    "54013",
    "54013",
    "54013",
    "54013",
    "54013",
    "54013",
    "54013",
    "54013",
    "54013",
    "54013",
    "54013",
    "54013",
    "54013",
    "54013",
    "54013",
    "54013",
    "54013",
    "54013",
    "54013",
    "54013",
    "54013",
    "54013",
    "54013",
    "54013",
    "54013",
    "54013",
    "54013",
    "54013",
    "54013",
    "54013",
    "54013",
    "54013",
    "54013",
    "54013",
    "54013",
    "54013",
    "54013",
    "54013",
    "54013",
    "54013",
    "54013",
    "54013",
    "54013",
    "54013",
    "54013",
    "54013",
    "54013",
    "54013",
    "54013",
    "54013",
    "54013",
    "54013",
    "54013",
    "54013",
    "54013",
    "54013",
    "54013",
    "54013",
    "54013",
    "54013",
    "54013",
    "54013",
    "54013",
    "54013",
    "54013",
    "54013",
    "54013",
    "54013",
    "54013",
    "54013",
    "54013",
    "54013",
    "54013",
    "54013",
    "54013",
    "54013",
    "54013",
    "54013",
    "54013",
    "54013",
    "54013",
    "54013",
    "54013",
    "54013",
    "54013",
    "54013",
    "54013",
    "54013",
    "54013",
    "54013",
    "54013",
    "54013",
    "54013",
    "54013",
    "54013",
    "54013",
    "54013",
    "54013",
    "54013",
    "54013",
    "54013",
    "54013",
    "54013",
    "54013",
    "54013",
    "54013",
    "54013",
    "54013",
    "54013",
    "54013",
    "54013",
    "54013",
    "54013",
    "54013",
    "54013",
    "54013",
    "54013",
    "54013",
    "54013",
    "54013",
    "54013",
    "54013",
    "54013",
    "54013",
    "54013",
    "54013",
    "54013",
    "54013",
    "54013",
    "54013",
    "54013",
    "54013",
    "54013",
    "54013",
    "54013",
    "54013",
    "54013",
    "54013",
    "54013",
    "54013",
    "54013",
    "54013",
    "54013",
    "54013",
    "54013",
    "54013",
    "54013",
    "54013",
    "54013",
    "54013",
    "54013",
    "54013",
    "54013",
    "54013",
    "54013",
    "54013",
    "54013",
    "54013",
    "54013",
    "54013",
    "54013",
    "54013",
    "54013",
    "54013",
    "54013",
    "54013",
    "54013",
    "54013",
    "54013",
    "54013",
    "54013",
    "54013",
    "54013",
    "54013",
    "54013",
    "54013",
    "54013",
    "54013",
    "54013",
    "54013",
    "54013",
    "54013",
    "54013",
    "54013",
    "54013",
    "54013",
    "54013",
    "54013",
    "54013",
    "54013",
    "54013",
    "54013",
    "54013",
    "54013",
    "54013",
    "54013",
    "54013",
    "54013",
    "54013",
    "54013",
    "54013",
    "54013",
    "54013",
    "54013",
    "54013",
    "54013",
    "54013",
    "54013",
    "54013",
    "54013",
    "54013",
    "54013",
    "54013",
    "54013",
    "54013",
    "54013",
    "54013",
    "54013",
    "54013",
    "54013",
    "54013",
    "54013",
    "54013",
    "54013",
    "54013",
    "54013",
    "54013",
    "54013",
    "54013",
    "54013",
    "54013",
    "54013",
    "54013",
    "54013",
    "54013",
    "54013",
    "54013",
    "54013",
    "54013",
    "54013",
    "54013",
    "54013",
    "54013",
    "54013",
    "54013",
    "54013",
    "54013",
    "54013",
    "54013",
    "54013",
    "54013",
    "54013",
    "54013",
    "54013",
    "54013",
    "54013",
    "54013",
    "54013",
    "54013",
    "54013",
    "54013",
    "54013",
    "54013",
    "54013",
    "54013",
    "54013",
    "54013",
    "54013",
    "54013",
    "54013",
    "54013",
    "54013",
    "54013",
    "54013",
    "54013",
    "54013",
    "54013",
    "54013",
    "54013",
    "54013",
    "54013",
    "54013",
    "54013",
    "54013",
    "54013",
    "54013",
    "54013",
    "54013",
    "54013",
    "54013",
    "54013",
    "54013",
    "54013",
    "54013",
    "54013",
    "54013",
    "54013",
    "54013",
    "54013",
    "54013",
    "54013",
    "54013",
    "54013",
    "54013",
    "54013",
    "54013",
    "54013",
    "54013",
    "54013",
    "54013",
    "54013",
    "54013",
    "54013",
    "54013",
    "54013",
    "54013",
    "54013",
    "54013",
    "54013",
    "54013",
    "54013",
    "54013",
    "54013",
    "54013",
    "54013",
    "54013",
    "54013",
    "54013",
    "54013",
    "54013",
    "54013",
    "54013",
    "54013",
    "54013",
    "54013",
    "54013",
    "54013",
    "54013",
    "54013",
    "54013",
    "54013",
    "54013",
    "54013",
    "54013",
    "54013",
    "54013",
    "54013",
    "54013",
    "54013",
    "54013",
    "54013",
    "54013",
    "54013",
    "54013",
    "54013",
    "54013",
    "54013",
    "54013",
    "54013",
    "54013",
    "54013",
    "54013",
    "54013",
    "54013",
    "54013",
    "54013",
    "54013",
    "54013",
    "54013",
    "54013",
    "54013",
    "54013",
    "54013",
    "54013",
    "54013",
    "54013",
    "54013",
    "54013",
    "54013",
    "54013",
    "54013",
    "54013",
    "54013",
    "54013",
    "54013",
    "54013",
    "54013",
    "54013",
    "54013",
    "54013",
    "54013",
    "54013",
    "54013",
    "54013",
    "54013",
    "54013",
    "54013",
    "54013",
    "54013",
    "54013",
    "54013",
    "54013",
    "54013",
    "54013",
    "54013",
    "54013",
    "54013",
    "54013",
    "54013",
    "54013",
    "54013",
    "54013",
    "54013",
    "54013",
    "54013",
    "54013",
    "54013",
    "54013",
    "54013",
    "54013",
    "54013",
    "54013",
    "54013",
    "54013",
    "54013",
    "54013",
    "54013",
    "54013",
    "54013",
    "54013",
    "54013",
    "54013",
    "54013",
    "54013",
    "54013",
    "54013",
    "54013",
    "54013",
    "54013",
    "54013",
    "54013",
    "54013",
    "54013",
    "54013",
    "54013",
    "54013",
    "54013",
    "54013",
    "54013",
    "54013",
    "54013",
    "54013",
    "54013",
    "54013",
    "54013",
    "54013",
    "54013",
    "54013",
    "54013",
    "54013",
    "54013",
    "54013",
    "54013",
    "54013",
    "54013",
    "54013",
    "54013",
    "54013",
    "54013",
    "54013",
    "54013",
    "54013",
    "54013",
    "54013",
    "54013",
    "54013",
    "54013",
    "54013",
    "54013",
    "54013",
    "54013",
    "54013",
    "54013",
    "54013",
    "54013",
    "54013",
    "54013",
    "54013",
    "54013",
    "54013",
    "54013",
    "54013",
    "54013",
    "54013",
    "54013",
    "54013",
    "54013",
    "54013",
    "54013",
    "54013",
    "54013",
    "54013",
    "54013",
    "54013",
    "54013",
    "54013",
    "54013",
    "54013",
    "54013",
    "54013",
    "54013",
    "54013",
    "54013",
    "54013",
    "54013",
    "54013",
    "54013",
    "54013",
    "54013",
    "54013",
    "54013",
    "54013",
    "54013",
    "54013",
    "54013",
    "54013",
    "54013",
    "54013",
    "54013",
    "54013",
    "54013",
    "54013",
    "54013",
    "54013",
    "54013",
    "54013",
    "54013",
    "54013",
    "54013",
    "54013",
    "54013",
    "54013",
    "54013",
    "54013",
    "54013",
    "54013",
    "54013",
    "54013",
    "54013",
    "54013",
    "54013",
    "54013",
    "54013",
    "54013",
    "54013",
    "54013",
    "54013",
    "54013",
    "54013",
    "54013",
    "54013",
    "54013",
    "54013",
    "54013",
    "54013",
    "54013",
    "54013",
    "54013",
    "54013",
    "54013",
    "54013",
    "54013",
    "54013",
    "54013",
    "54013",
    "54013",
    "54013",
    "54013",
    "54013",
    "54013",
    "54013",
    "54013",
    "54013",
    "54013",
    "54013",
    "54013",
    "54013",
    "54013",
    "54013",
    "54013",
    "54013",
    "54013",
    "54013",
    "54013",
    "54013",
    "54013",
    "54013",
    "54013",
    "54013",
    "54013",
    "54013",
    "54013",
    "54013",
    "54013",
    "54013",
    "54013",
    "54013",
    "54013",
    "54013",
    "54013",
    "54013",
    "54013",
    "54013",
    "54013",
    "54013",
    "54013",
    "54013",
    "54013",
    "54013",
    "54013",
    "54013",
    "54013",
    "54013",
    "54013",
    "54013",
    "54013",
    "54013",
    "54013",
    "54013",
    "54013",
    "54013",
    "54013",
    "54013",
    "54013",
    "54013",
    "54013",
    "54013",
    "54013",
    "54013",
    "54013",
    "54013",
    "54013",
    "54013",
    "54013",
    "54013",
    "54013",
    "54013",
    "54013",
    "54013",
    "54013",
    "54013",
    "54013",
    "54013",
    "54013",
    "54013",
    "54013",
    "54013",
    "54013",
    "54013",
    "54013",
    "54013",
    "54013",
    "54013",
    "54013",
    "54013",
    "54013",
    "54013",
    "54013",
    "54013",
    "54013",
    "54013",
    "54013",
    "54013",
    "54013",
    "54013",
    "54013",
    "54013",
    "54013",
    "54013",
    "54013",
    "54013",
    "54013",
    "54013",
    "54013",
    "54013",
    "54013",
    "54013",
    "54013",
    "54013",
    "54013",
    "54013",
    "54013",
    "54013",
    "54013",
    "54013",
    "54013",
    "54013",
    "54013",
    "54013",
    "54013",
    "54013",
    "54013",
    "54013",
    "54013",
    "54013",
    "54013",
    "54013",
    "54013",
    "54013",
    "54013",
    "54013",
    "54013",
    "54013",
    "54013",
    "54013",
    "54013",
    "54013",
    "54013",
    "54013",
    "54013",
    "54013",
    "54013",
    "54013",
    "54013",
    "54013",
    "54013",
    "54013",
    "54013",
    "54013",
    "54013",
    "54013",
    "54013",
    "54013",
    "54013",
    "54013",
    "54013",
    "54013",
    "54013",
    "54013",
    "54013",
    "54013",
    "54013",
    "54013",
    "54013",
    "54013",
    "54013",
    "54013",
    "54013",
    "54013",
    "54013",
    "54013",
    "54013",
    "54013",
    "54013",
    "54013",
    "54013",
    "54013",
    "54013",
    "54013",
    "54013",
    "54013",
    "54013",
    "54013",
    "54013",
    "54013",
    "54013",
    "54013",
    "54013",
    "54013",
    "54013",
    "54013",
    "54013",
    "54013",
    "54013",
    "54013",
    "54013",
    "54013",
    "54013",
    "54013",
    "54013",
    "54013",
    "54013",
    "54013",
    "54013",
    "54013",
    "54013",
    "54013",
    "54013",
    "54013",
    "54013",
    "54013",
    "54013",
    "54013",
    "54013",
    "54013",
    "54013",
    "54013",
    "54013",
    "54013",
    "54013",
    "54013",
    "54013",
    "54013",
    "54013",
    "54013",
    "54013",
    "54013",
    "54013",
    "54013",
    "54013",
    "54013",
    "54013",
    "54013",
    "54013",
    "54013",
    "54013",
    "54013",
    "54013",
    "54013",
    "54013",
    "54013",
    "54013",
    "54013",
    "54013",
    "54013",
    "54013",
    "54013",
    "54013",
    "54013",
    "54013",
    "54013",
    "54013",
    "54013",
    "54013",
    "54013",
    "54013",
    "54013",
    "54013",
    "54013",
    "54013",
    "54013",
    "54013",
    "54013",
    "54013",
    "54013",
    "54013",
    "54013",
    "54013",
    "54013",
    "54013",
    "54013",
    "54013",
    "54013",
    "54013",
    "54013",
    "54013",
    "54013",
    "54013",
    "54013",
    "54013",
    "54013",
    "54013",
    "54013",
    "54013",
    "54013",
    "54013",
    "54013",
    "54013",
    "54013",
    "54013",
    "54013",
    "54013",
    "54013",
    "54013",
    "54013",
    "54013",
    "54013",
    "54013",
    "54013",
    "54013",
    "54013",
    "54013",
    "54013",
    "54013",
    "54013",
    "54013",
    "54013",
    "54013",
    "54013",
    "54013",
    "54013",
    "54013",
    "54013",
    "54013",
    "54013",
    "54013",
    "54013",
    "54013",
    "54013",
    "54013",
    "54013",
    "54013",
    "54013",
    "54013",
    "54013",
    "54013",
    "54013",
    "54013",
    "54013",
    "54013",
    "54013",
    "54013",
    "54013",
    "54013",
    "54013",
    "54013",
    "54013",
    "54013",
    "54013",
    "54013",
    "54013",
    "54013",
    "54013",
    "54013",
    "54013",
    "54013",
    "54013",
    "54013",
    "54013",
    "54013",
    "54013",
    "54013",
    "54013",
    "54013",
    "54013",
    "54013",
    "54013",
    "54013",
    "54013",
    "54013",
    "54013",
    "54013",
    "54013",
    "54013",
    "54013",
    "54013",
    "54013",
    "54013",
    "54013",
    "54013",
    "54013",
    "54013",
    "54013",
    "54013",
    "54013",
    "54013",
    "54013",
    "54013",
    "54013",
    "54013",
    "54013",
    "54013",
    "54013",
    "54013",
    "54013",
    "54013",
    "54013",
    "54013",
    "54013",
    "54013",
    "54013",
    "54013",
    "54013",
    "54013",
    "54013",
    "54013",
    "54013",
    "54013",
    "54013",
    "54013",
    "54013",
    "54013",
    "54013",
    "54013",
    "54013",
    "54013",
    "54013",
    "54013",
    "54013",
    "54013",
    "54013",
    "54013",
    "54013",
    "54013",
    "54013",
    "54013",
    "54013",
    "54013",
    "54013",
    "54013",
    "54013",
    "54013",
    "54013",
    "54013",
    "54013",
    "54013",
    "54013",
    "54013",
    "54013",
    "54013",
    "54013",
    "54013",
    "54013",
    "54013",
    "54013",
    "54013",
    "54013",
    "54013",
    "54013",
    "54013",
    "54013",
    "54013",
    "54013",
    "54013",
    "54013",
    "54013",
    "54013",
    "54013",
    "54013",
    "54013",
    "54013",
    "54013",
    "54013",
    "54013",
    "54013",
    "54013",
    "54013",
    "54013",
    "54013",
    "54013",
    "54013",
    "54013",
    "54013",
    "54013",
    "54013",
    "54013",
    "54013",
    "54013",
    "54013",
    "54013",
    "54013",
    "54013",
    "54013",
    "54013",
    "54013",
    "54013",
    "54013",
    "54013",
    "54013",
    "54013",
    "54013",
    "54013",
    "54013",
    "54013",
    "54013",
    "54013",
    "54013",
    "54013",
    "54013",
    "54013",
    "54013",
    "54013",
    "54013",
    "54013",
    "54013",
    "54013",
    "54013",
    "54013",
    "54013",
    "54013",
    "54013",
    "54013",
    "54013",
    "54013",
    "54013",
    "54013",
    "54013",
    "54013",
    "54013",
    "54013",
    "54013",
    "54013",
    "54013",
    "54013",
    "54013",
    "54013",
    "54013",
    "54013",
    "54013",
    "54013",
    "54013",
    "54013",
    "54013",
    "54013",
    "54013",
    "54013",
    "54013",
    "54013",
    "54013",
    "54013",
    "54013",
    "54013",
    "54013",
    "54013",
    "54013",
    "54013",
    "54013",
    "54013",
    "54013",
    "54013",
    "54013",
    "54013",
    "54013",
    "54013",
    "54013",
    "54013",
    "54013",
    "54013",
    "54013",
    "54013",
    "54013",
    "54013",
    "54013",
    "54013",
    "54013",
    "54013",
    "54013",
    "54013",
    "54013",
    "54013",
    "54013",
    "54013",
    "54013",
    "54013",
    "54013",
    "54013",
    "54013",
    "54013",
    "54013",
    "54013",
    "54013",
    "54013",
    "54013",
    "54013",
    "54013",
    "54013",
    "54013",
    "54013",
    "54013",
    "54013",
    "54013",
    "54013",
    "54013",
    "54013",
    "54013",
    "54013",
    "54013",
    "54013",
    "54013",
    "54013",
    "54013",
    "54013",
    "54013",
    "54013",
    "54013",
    "54013",
    "54013",
    "54013",
    "54013",
    "54013",
    "54013",
    "54013",
    "54013",
    "54013",
    "54013",
    "54013",
    "54013",
    "54013",
    "54013",
    "54013",
    "54013",
    "54013",
    "54013",
    "54013",
    "54013",
    "54013",
    "54013",
    "54013",
    "54013",
    "54013",
    "54013",
    "54013",
    "54013",
    "54013",
    "54013",
    "54013",
    "54013",
    "54013",
    "54013",
    "54013",
    "54013",
    "54013",
    "54013",
    "54013",
    "54013",
    "54013",
    "54013",
    "54013",
    "54013",
    "54013",
    "54013",
    "54013",
    "54013",
    "54013",
    "54013",
    "54013",
    "54013",
    "54013",
    "54013",
    "54013",
    "54013",
    "54013",
    "54013",
    "54013",
    "54013",
    "54013",
    "54013",
    "54013",
    "54013",
    "54013",
    "54013",
    "54013",
    "54013",
    "54013",
    "54013",
    "54013",
    "54013",
    "54013",
    "54013",
    "54013",
    "54013",
    "54013",
    "54013",
    "54013",
    "54013",
    "54013",
    "54013",
    "54013",
    "54013",
    "54013",
    "54013",
    "54013",
    "54013",
    "54013",
    "54013",
    "54013",
    "54013",
    "54013",
    "54013",
    "54013",
    "54013",
    "54013",
    "54013",
    "54013",
    "54013",
    "54013",
    "54013",
    "54013",
    "54013",
    "54013",
    "54013",
    "54013",
    "54013",
    "54013",
    "54013",
    "54013",
    "54013",
    "54013",
    "54013",
    "54013",
    "54013",
    "54013",
    "54013",
    "54013",
    "54013",
    "54013",
    "54013",
    "54013",
    "54013",
    "54013",
    "54013",
    "54013",
    "54013",
    "54013",
    "54013",
    "54013",
    "54013",
    "54013",
    "54013",
    "54013",
    "54013",
    "54013",
    "54013",
    "54013",
    "54013",
    "54013",
    "54013",
    "54013",
    "54013",
    "54013",
    "54013",
    "54013",
    "54013",
    "54013",
    "54013",
    "54013",
    "54013",
    "54013",
    "54013",
    "54013",
    "54013",
    "54013",
    "54013",
    "54013",
    "54013",
    "54013",
    "54013",
    "54013",
    "54013",
    "54013",
    "54013",
    "54013",
    "54013",
    "54013",
    "54013",
    "54013",
    "54013",
    "54013",
    "54013",
    "54013",
    "54013",
    "54013",
    "54013",
    "54013",
    "54013",
    "54013",
    "54013",
    "54013",
    "54013",
    "54013",
    "54013",
    "54013",
    "54013",
    "54013",
    "54013",
    "54013",
    "54013",
    "54013",
    "54013",
    "54013",
    "54013",
    "54013",
    "54013",
    "54013",
    "54013",
    "54013",
    "54013",
    "54013",
    "54013",
    "54013",
    "54013",
    "54013",
    "54013",
    "54013",
    "54013",
    "54013",
    "54013",
    "54013",
    "54013",
    "54013",
    "54013",
    "54013",
    "54013",
    "54013",
    "54013",
    "54013",
    "54013",
    "54013",
    "54013",
    "54013",
    "54013",
    "54013",
    "54013",
    "54013",
    "54013",
    "54013",
    "54013",
    "54013",
    "54013",
    "54013",
    "54013",
    "54013",
    "54013",
    "54013",
    "54013",
    "54013",
    "54013",
    "54013",
    "54013",
    "54013",
    "54013",
    "54013",
    "54013",
    "54013",
    "54013",
    "54013",
    "54013",
    "54013",
    "54013",
    "54013",
    "54013",
    "54013",
    "54013",
    "54013",
    "54013",
    "54013",
    "54013",
    "54013",
    "54013",
    "54013",
    "54013",
    "54013",
    "54013",
    "54013",
    "54013",
    "54013",
    "54013",
    "54013",
    "54013",
    "54013",
    "54013",
    "54013",
    "54013",
    "54013",
    "54013",
    "54013",
    "54013",
    "54013",
    "54013",
    "54013",
    "54013",
    "54013",
    "54013",
    "54013",
    "54013",
    "54013",
    "54013",
    "54013",
    "54013",
    "54013",
    "54013",
    "54013",
    "54013",
    "54013",
    "54013",
    "54013",
    "54013",
    "54013",
    "54013",
    "54013",
    "54013",
    "54013",
    "54013",
    "54013",
    "54013",
    "54013",
    "54013",
    "54013",
    "54013",
    "54013",
    "54013",
    "54013",
    "54013",
    "54013",
    "54013",
    "54013",
    "54013",
    "54013",
    "54013",
    "54013",
    "54013",
    "54013",
    "54013",
    "54013",
    "54013",
    "54013",
    "54013",
    "54013",
    "54013",
    "54013",
    "54013",
    "54013",
    "54013",
    "54013",
    "54013",
    "54013",
    "54013",
    "54013",
    "54013",
    "54013",
    "54013",
    "54013",
    "54013",
    "54013",
    "54013",
    "54013",
    "54013",
    "54013",
    "54013",
    "54013",
    "54013",
    "54013",
    "54013",
    "54013",
    "54013",
    "54013",
    "54013",
    "54013",
    "54013",
    "54013",
    "54013",
    "54013",
    "54013",
    "54013",
    "54013",
    "54013",
    "54013",
    "54013",
    "54013",
    "54013",
    "54013",
    "54013",
    "54013",
    "54013",
    "54013",
    "54013",
    "54013",
    "54013",
    "54013",
    "54013",
    "54013",
    "54013",
    "54013",
    "54013",
    "54013",
    "54013",
    "54013",
    "54013",
    "54013",
    "54013",
    "54013",
    "54013",
    "54013",
    "54013",
    "54013",
    "54013",
    "54013",
    "54013",
    "54013",
    "54013",
    "54013",
    "54013",
    "54013",
    "54013",
    "54013",
    "54013",
    "54013",
    "54013",
    "54013",
    "54013",
    "54013",
    "54013",
    "54013",
    "54013",
    "54013",
    "54013",
    "54013",
    "54013",
    "54013",
    "54013",
    "54013",
    "54013",
    "54013",
    "54013",
    "54013",
    "54013",
    "54013",
    "54013",
    "54013",
    "54013",
    "54013",
    "54013",
    "54013",
    "54013",
    "54013",
    "54013",
    "54013",
    "54013",
    "54013",
    "54013",
    "54013",
    "54013",
    "54013",
    "54013",
    "54013",
    "54013",
    "54013",
    "54013",
    "54013",
    "54013",
    "54013",
    "54013",
    "54013",
    "54013",
    "54013",
    "54013",
    "54013",
    "54013",
    "54013",
    "54013",
    "54013",
    "54013",
    "54013",
    "54013",
    "54013",
    "54013",
    "54013",
    "54013",
    "54013",
    "54013",
    "54013",
    "54013",
    "54013",
    "54013",
    "54013",
    "54013",
    "54013",
    "54013",
    "54013",
    "54013",
    "54013",
    "54013",
    "54013",
    "54013",
    "54013",
    "54013",
    "54013",
    "54013",
    "54013",
    "54013",
    "54013",
    "54013",
    "54013",
    "54013",
    "54013",
    "54013",
    "54013",
    "54013",
    "54013",
    "54013",
    "54013",
    "54013",
    "54013",
    "54013",
    "54013",
    "54013",
    "54013",
    "54013",
    "54013",
    "54013",
    "54013",
    "54013",
    "54013",
    "54013",
    "54013",
    "54013",
    "54013",
    "54013",
    "54013",
    "54013",
    "54013",
    "54013",
    "54013",
    "54013",
    "54013",
    "54013",
    "54013",
    "54013",
    "54013",
    "54013",
    "54013",
    "54013",
    "54013",
    "54013",
    "54013",
    "54013",
    "54013",
    "54013",
    "54013",
    "54013",
    "54013",
    "54013",
    "54013",
    "54013",
    "54013",
    "54013",
    "54013",
    "54013",
    "54013",
    "54013",
    "54013",
    "54013",
    "54013",
    "54013",
    "54013",
    "54013",
    "54013",
    "54013",
    "54013",
    "54013",
    "54013",
    "54013",
    "54013",
    "54013",
    "54013",
    "54013",
    "54013",
    "54013",
    "54013",
    "54013",
    "54013",
    "54013",
    "54013",
    "54013",
    "54013",
    "54013",
    "54013",
    "54013",
    "54013",
    "54013",
    "54013",
    "54013",
    "54013",
    "54013",
    "54013",
    "54013",
    "54013",
    "54013",
    "54013",
    "54013",
    "54013",
    "54013",
    "54013",
    "54013",
    "54013",
    "54013",
    "54013",
    "54013",
    "54013",
    "54013",
    "54013",
    "54013",
    "54013",
    "54013",
    "54013",
    "54013",
    "54013",
    "54013",
    "54013",
    "54013",
    "54013",
    "54013",
    "54013",
    "54013",
    "54013",
    "54013",
    "54013",
    "54013",
    "54013",
    "54013",
    "54013",
    "54013",
    "54013",
    "54013",
    "54013",
    "54013",
    "54013",
    "54013",
    "54013",
    "54013",
    "54013",
    "54013",
    "54013",
    "54013",
    "54013",
    "54013",
    "54013",
    "54013",
    "54013",
    "54013",
    "54013",
    "54013",
    "54013",
    "54013",
    "54013",
    "54013",
    "54013",
    "54013",
    "54013",
    "54013",
    "54013",
    "54013",
    "54013",
    "54013",
    "54013",
    "54013",
    "54013",
    "54013",
    "54013",
    "54013",
    "54013",
    "54013",
    "54013",
    "54013",
    "54013",
    "54013",
    "54013",
    "54013",
    "54013",
    "54013",
    "54013",
    "54013",
    "54013",
    "54013",
    "54013",
    "54013",
    "54013",
    "54013",
    "54013",
    "54013",
    "54013",
    "54013",
    "54013",
    "54013",
    "54013",
    "54013",
    "54013",
    "54013",
    "54013",
    "54013",
    "54013",
    "54013",
    "54013",
    "54013",
    "54013",
    "54013",
    "54013",
    "54013",
    "54013",
    "54013",
    "54013",
    "54013",
    "54013",
    "54013",
    "54013",
    "54013",
    "54013",
    "54013",
    "54013",
    "54013",
    "54013",
    "54013",
    "54013",
    "54013",
    "54013",
    "54013",
    "54013",
    "54013",
    "54013",
    "54013",
    "54013",
    "54013",
    "54013",
    "54013",
    "54013",
    "54013",
    "54013",
    "54013",
    "54013",
    "54013",
    "54013",
    "54013",
    "54013",
    "54013",
    "54013",
    "54013",
    "54013",
    "54013",
    "54013",
    "54013",
    "54013",
    "54013",
    "54013",
    "54013",
    "54013",
    "54013",
    "54013",
    "54013",
    "54013",
    "54013",
    "54013",
    "54013",
    "54013",
    "54013",
    "54013",
    "54013",
    "54013",
    "54013",
    "54013",
    "54013",
    "54013",
    "54013",
    "54013",
    "54013",
    "54013",
    "54013",
    "54013",
    "54013",
    "54013",
    "54013",
    "54013",
    "54013",
    "54013",
    "54013",
    "54013",
    "54013",
    "54013",
    "54013",
    "54013",
    "54013",
    "54013",
    "54013",
    "54013",
    "54013",
    "54013",
    "54013",
    "54013",
    "54013",
    "54013",
    "54013",
    "54013",
    "54013",
    "54013",
    "54013",
    "54013",
    "54013",
    "54013",
    "54013",
    "54013",
    "54013",
    "54013",
    "54013",
    "54013",
    "54013",
    "54013",
    "54013",
    "54013",
    "54013",
    "54013",
    "54013",
    "54013",
    "54013",
    "54013",
    "54013",
    "54013",
    "54013",
    "54013",
    "54013",
    "54013",
    "54013",
    "54013",
    "54013",
    "54013",
    "54013",
    "54013",
    "54013",
    "54013",
    "54013",
    "54013",
    "54013",
    "54013",
    "54013",
    "54013",
    "54013",
    "54013",
    "54013",
    "54013",
    "54013",
    "54013",
    "54013",
    "54013",
    "54013",
    "54013",
    "54013",
    "54013",
    "54013",
    "54013",
    "54013",
    "54013",
    "54013",
    "54013",
    "54013",
    "54013",
    "54013",
    "54013",
    "54013",
    "54013",
    "54013",
    "54013",
    "54013",
    "54013",
    "54013",
    "54013",
    "54013",
    "54013",
    "54013",
    "54013",
    "54013",
    "54013",
    "54013",
    "54013",
    "54013",
    "54013",
    "54013",
    "54013",
    "54013",
    "54013",
    "54013",
    "54013",
    "54013",
    "54013",
    "54013",
    "54013",
    "54013",
    "54013",
    "54013",
    "54013",
    "54013",
    "54013",
    "54013",
    "54013",
    "54013",
    "54013",
    "54013",
    "54013",
    "54013",
    "54013",
    "54013",
    "54013",
    "54013",
    "54013",
    "54013",
    "54013",
    "54013",
    "54013",
    "54013",
    "54013",
    "54013",
    "54013",
    "54013",
    "54013",
    "54013",
    "54013",
    "54013",
    "54013",
    "54013",
    "54013",
    "54013",
    "54013",
    "54013",
    "54013",
    "54013",
    "54013",
    "54013",
    "54013",
    "54013",
    "54013",
    "54013",
    "54013",
    "54013",
    "54013",
    "54013",
    "54013",
    "54013",
    "54013",
    "54013",
    "54013",
    "54013",
    "54013",
    "54013",
    "54013",
    "54013",
    "54013",
    "54013",
    "54013",
    "54013",
    "54013",
    "54013",
    "54013",
    "54013",
    "54013",
    "54013",
    "54013",
    "54013",
    "54013",
    "54013",
    "54013",
    "54013",
    "54013",
    "54013",
    "54013",
    "54013",
    "54013",
    "54013",
    "54013",
    "54013",
    "54013",
    "54013",
    "54013",
    "54013",
    "54013",
    "54013",
    "54013",
    "54013",
    "54013",
    "54013",
    "54013",
    "54013",
    "54013",
    "54013",
    "54013",
    "54013",
    "54013",
    "54013",
    "54013",
    "54013",
    "54013",
    "54013",
    "54013",
    "54013",
    "54013",
    "54013",
    "54013",
    "54013",
    "54013",
    "54013",
    "54013",
    "54013",
    "54013",
    "54013",
    "54013",
    "54013",
    "54013",
    "54013",
    "54013",
    "54013",
    "54013",
    "54013",
    "54013",
    "54013",
    "54013",
    "54013",
    "54013",
    "54013",
    "54013",
    "54013",
    "54013",
    "54013",
    "54013",
    "54013",
    "54013",
    "54013",
    "54013",
    "54013",
    "54013",
    "54013",
    "54013",
    "54013",
    "54013",
    "54013",
    "54013",
    "54013",
    "54013",
    "54013",
    "54013",
    "54013",
    "54013",
    "54013",
    "54013",
    "54013",
    "54013",
    "54013",
    "54013",
    "54013",
    "54013",
    "54013",
    "54013",
    "54013",
    "54013",
    "54013",
    "54013",
    "54013",
    "54013",
    "54013",
    "54013",
    "54013",
    "54013",
    "54013",
    "54013",
    "54013",
    "54013",
    "54013",
    "54013",
    "54013",
    "54013",
    "54013",
    "54013",
    "54013",
    "54013",
    "54013",
    "54013",
    "54013",
    "54013",
    "54013",
    "54013",
    "54013",
    "54013",
    "54013",
    "54013",
    "54013",
    "54013",
    "54013",
    "54013",
    "54013",
    "54013",
    "54013",
    "54013",
    "54013",
    "54013",
    "54013",
    "54013",
    "54013",
    "54013",
    "54013",
    "54013",
    "54013",
    "54013",
    "54013",
    "54013",
    "54013",
    "54013",
    "54013",
    "54013",
    "54013",
    "54013",
    "54013",
    "54013",
    "54013",
    "54013",
    "54013",
    "54013",
    "54013",
    "54013",
    "54013",
    "54013",
    "54013",
    "54013",
    "54013",
    "54013",
    "54013",
    "54013",
    "54013",
    "54013",
    "54013",
    "54013",
    "54013",
    "54013",
    "54013",
    "54013",
    "54013",
    "54013",
    "54013",
    "54013",
    "54013",
    "54013",
    "54013",
    "54013",
    "54013",
    "54013",
    "54013",
    "54013",
    "54013",
    "54013",
    "54013",
    "54013",
    "54013",
    "54013",
    "54013",
    "54013",
    "54013",
    "54013",
    "54013",
    "54013",
    "54013",
    "54013",
    "54013",
    "54013",
    "54013",
    "54013",
    "54013",
    "54013",
    "54013",
    "54013",
    "54013",
    "54013",
    "54013",
    "54013",
    "54013",
    "54013",
    "54013",
    "54013",
    "54013",
    "54013",
    "54013",
    "54013",
    "54013",
    "54013",
    "54013",
    "54013",
    "54013",
    "54013",
    "54013",
    "54013",
    "54013",
    "54013",
    "54013",
    "54013",
    "54013",
    "54013",
    "54013",
    "54013",
    "54013",
    "54013",
    "54013",
    "54013",
    "54013",
    "54013",
    "54013",
    "54013",
    "54013",
    "54013",
    "54013",
    "54013",
    "54013",
    "54013",
    "54013",
    "54013",
    "54013",
    "54013",
    "54013",
    "54013",
    "54013",
    "54013",
    "54013",
    "54013",
    "54013",
    "54013",
    "54013",
    "54013",
    "54013",
    "54013",
    "54013",
    "54013",
    "54013",
    "54013",
    "54013",
    "54013",
    "54013",
    "54013",
    "54013",
    "54013",
    "54013",
    "54013",
    "54013",
    "54013",
    "54013",
    "54013",
    "54013",
    "54013",
    "54013",
    "54013",
    "54013",
    "54013",
    "54013",
    "54013",
    "54013",
    "54013",
    "54013",
    "54013",
    "54013",
    "54013",
    "54013",
    "54013",
    "54013",
    "54013",
    "54013",
    "54013",
    "54013",
    "54013",
    "54013",
    "54013",
    "54013",
    "54013",
    "54013",
    "54013",
    "54013",
    "54013",
    "54013",
    "54013",
    "54013",
    "54013",
    "54013",
    "54013",
    "54013",
    "54013",
    "54013",
    "54013",
    "54013",
    "54013",
    "54013",
    "54013",
    "54013",
    "54013",
    "54013",
    "54013",
    "54013",
    "54013",
    "54013",
    "54013",
    "54013",
    "54013",
    "54013",
    "54013",
    "54013",
    "54013",
    "54013",
    "54013",
    "54013",
    "54013",
    "54013",
    "54013",
    "54013",
    "54013",
    "54013",
    "54013",
    "54013",
    "54013",
    "54013",
    "54013",
    "54013",
    "54013",
    "54013",
    "54013",
    "54013",
    "54013",
    "54013",
    "54013",
    "54013",
    "54013",
    "54013",
    "54013",
    "54013",
    "54013",
    "54013",
    "54013",
    "54013",
    "54013",
    "54013",
    "54013",
    "54013",
    "54013",
    "54013",
    "54013",
    "54013",
    "54013",
    "54013",
    "54013",
    "54013",
    "54013",
    "54013",
    "54013",
    "54013",
    "54013",
    "54013",
    "54013",
    "54013",
    "54013",
    "54013",
    "54013",
    "54013",
    "54013",
    "54013",
    "54013",
    "54013",
    "54013",
    "54013",
    "54013",
    "54013",
    "54013",
    "54013",
    "54013",
    "54013",
    "54013",
    "54013",
    "54013",
    "54013",
    "54013",
    "54013",
    "54013",
    "54013",
    "54013",
    "54013",
    "54013",
    "54013",
    "54013",
    "54013",
    "54013",
    "54013",
    "54013",
    "54013",
    "54013",
    "54013",
    "54013",
    "54013",
    "54013",
    "54013",
    "54013",
    "54013",
    "54013",
    "54013",
    "54013",
    "54013",
    "54013",
    "54013",
    "54013",
    "54013",
    "54013",
    "54013",
    "54013",
    "54013",
    "54013",
    "54013",
    "54013",
    "54013",
    "54013",
    "54013",
    "54013",
    "54013",
    "54013",
    "54013",
    "54013",
    "54013",
    "54013",
    "54013",
    "54013",
    "54013",
    "54013",
    "54013",
    "54013",
    "54013",
    "54013",
    "54013",
    "54013",
    "54013",
    "54013",
    "54013",
    "54013",
    "54013",
    "54013",
    "54013",
    "54013",
    "54013",
    "54013",
    "54013",
    "54013",
    "54013",
    "54013",
    "54013",
    "54013",
    "54013",
    "54013",
    "54013",
    "54013",
    "54013",
    "54013",
    "54013",
    "54013",
    "54013",
    "54013",
    "54013",
    "54013",
    "54013",
    "54013",
    "54013",
    "54013",
    "54013",
    "54013",
    "54013",
    "54013",
    "54013",
    "54013",
    "54013",
    "54013",
    "54013",
    "54013",
    "54013",
    "54013",
    "54013",
    "54013",
    "54013",
    "54013",
    "54013",
    "54013",
    "54013",
    "54013",
    "54013",
    "54013",
    "54013",
    "54013",
    "54013",
    "54013",
    "54013",
    "54013",
    "54013",
    "54013",
    "54013",
    "54013",
    "54013",
    "54013",
    "54013",
    "54013",
    "54013",
    "54013",
    "54013",
    "54013",
    "54013",
    "54013",
    "54013",
    "54013",
    "54013",
    "54013",
    "54013",
    "54013",
    "54013",
    "540
Last model ouptut:
[
    "VV-540224-S104",
    "FI",
    "TT",
    "LIC",
    "TI",
    "TAHH",
    "LSLL",
    "LALL",
    "PT",
    "PI",
    "TT",
    "TI",
    "XV",
    "PSV",
    "FV",
    "PDI",
    "HS",
    "LDZ",
    "PAHH",
    "PCV",
    "QIC-54012",
    "PSV-54003",
    "PR",
    "YV54016",
    "FCV54016",
    "FV54011",
    "T-1150",
    "T-5803",
    "T-950",
    "540P15A",
    "540P14",
    "540P12",
    "540P6B",
    "540P6A",
    "540P12A",
    "540P12B",
    "540P15B",
    "540P14A",
    "540P14B",
    "540C4",
    "540E4",
    "540CE540",
    "540E9",
    "540E5",
    "54003",
    "54013",
    "54015",
    "54014",
    "54009A",
    "54009B",
    "54006",
    "54010",
    "54011",
    "54012",
    "54016",
    "54018",
    "54023",
    "54024",
    "54027",
    "54028",
    "54029",
    "54060",
    "54061",
    "54062",
    "540V2",
    "54009",
    "54004",
    "54002",
    "54001",
    "54007",
    "54013A",
    "54013",
    "54013",
    "54013",
    "54013",
    "54013",
    "54013",
    "54013",
    "54013",
    "54013",
    "54013",
    "54013",
    "54013",
    "54013",
    "54013",
    "54013",
    "54013",
    "54013",
    "54013",
    "54013",
    "54013",
    "54013",
    "54013",
    "54013",
    "54013",
    "54013",
    "54013",
    "54013",
    "54013",
    "54013",
    "54013",
    "54013",
    "54013",
    "54013",
    "54013",
    "54013",
    "54013",
    "54013",
    "54013",
    "54013",
    "54013",
    "54013",
    "54013",
    "54013",
    "54013",
    "54013",
    "54013",
    "54013",
    "54013",
    "54013",
    "54013",
    "54013",
    "54013",
    "54013",
    "54013",
    "54013",
    "54013",
    "54013",
    "54013",
    "54013",
    "54013",
    "54013",
    "54013",
    "54013",
    "54013",
    "54013",
    "54013",
    "54013",
    "54013",
    "54013",
    "54013",
    "54013",
    "54013",
    "54013",
    "54013",
    "54013",
    "54013",
    "54013",
    "54013",
    "54013",
    "54013",
    "54013",
    "54013",
    "54013",
    "54013",
    "54013",
    "54013",
    "54013",
    "54013",
    "54013",
    "54013",
    "54013",
    "54013",
    "54013",
    "54013",
    "54013",
    "54013",
    "54013",
    "54013",
    "54013",
    "54013",
    "54013",
    "54013",
    "54013",
    "54013",
    "54013",
    "54013",
    "54013",
    "54013",
    "54013",
    "54013",
    "54013",
    "54013",
    "54013",
    "54013",
    "54013",
    "54013",
    "54013",
    "54013",
    "54013",
    "54013",
    "54013",
    "54013",
    "54013",
    "54013",
    "54013",
    "54013",
    "54013",
    "54013",
    "54013",
    "54013",
    "54013",
    "54013",
    "54013",
    "54013",
    "54013",
    "54013",
    "54013",
    "54013",
    "54013",
    "54013",
    "54013",
    "54013",
    "54013",
    "54013",
    "54013",
    "54013",
    "54013",
    "54013",
    "54013",
    "54013",
    "54013",
    "54013",
    "54013",
    "54013",
    "54013",
    "54013",
    "54013",
    "54013",
    "54013",
    "54013",
    "54013",
    "54013",
    "54013",
    "54013",
    "54013",
    "54013",
    "54013",
    "54013",
    "54013",
    "54013",
    "54013",
    "54013",
    "54013",
    "54013",
    "54013",
    "54013",
    "54013",
    "54013",
    "54013",
    "54013",
    "54013",
    "54013",
    "54013",
    "54013",
    "54013",
    "54013",
    "54013",
    "54013",
    "54013",
    "54013",
    "54013",
    "54013",
    "54013",
    "54013",
    "54013",
    "54013",
    "54013",
    "54013",
    "54013",
    "54013",
    "54013",
    "54013",
    "54013",
    "54013",
    "54013",
    "54013",
    "54013",
    "54013",
    "54013",
    "54013",
    "54013",
    "54013",
    "54013",
    "54013",
    "54013",
    "54013",
    "54013",
    "54013",
    "54013",
    "54013",
    "54013",
    "54013",
    "54013",
    "54013",
    "54013",
    "54013",
    "54013",
    "54013",
    "54013",
    "54013",
    "54013",
    "54013",
    "54013",
    "54013",
    "54013",
    "54013",
    "54013",
    "54013",
    "54013",
    "54013",
    "54013",
    "54013",
    "54013",
    "54013",
    "54013",
    "54013",
    "54013",
    "54013",
    "54013",
    "54013",
    "54013",
    "54013",
    "54013",
    "54013",
    "54013",
    "54013",
    "54013",
    "54013",
    "54013",
    "54013",
    "54013",
    "54013",
    "54013",
    "54013",
    "54013",
    "54013",
    "54013",
    "54013",
    "54013",
    "54013",
    "54013",
    "54013",
    "54013",
    "54013",
    "54013",
    "54013",
    "54013",
    "54013",
    "54013",
    "54013",
    "54013",
    "54013",
    "54013",
    "54013",
    "54013",
    "54013",
    "54013",
    "54013",
    "54013",
    "54013",
    "54013",
    "54013",
    "54013",
    "54013",
    "54013",
    "54013",
    "54013",
    "54013",
    "54013",
    "54013",
    "54013",
    "54013",
    "54013",
    "54013",
    "54013",
    "54013",
    "54013",
    "54013",
    "54013",
    "54013",
    "54013",
    "54013",
    "54013",
    "54013",
    "54013",
    "54013",
    "54013",
    "54013",
    "54013",
    "54013",
    "54013",
    "54013",
    "54013",
    "54013",
    "54013",
    "54013",
    "54013",
    "54013",
    "54013",
    "54013",
    "54013",
    "54013",
    "54013",
    "54013",
    "54013",
    "54013",
    "54013",
    "54013",
    "54013",
    "54013",
    "54013",
    "54013",
    "54013",
    "54013",
    "54013",
    "54013",
    "54013",
    "54013",
    "54013",
    "54013",
    "54013",
    "54013",
    "54013",
    "54013",
    "54013",
    "54013",
    "54013",
    "54013",
    "54013",
    "54013",
    "54013",
    "54013",
    "54013",
    "54013",
    "54013",
    "54013",
    "54013",
    "54013",
    "54013",
    "54013",
    "54013",
    "54013",
    "54013",
    "54013",
    "54013",
    "54013",
    "54013",
    "54013",
    "54013",
    "54013",
    "54013",
    "54013",
    "54013",
    "54013",
    "54013",
    "54013",
    "54013",
    "54013",
    "54013",
    "54013",
    "54013",
    "54013",
    "54013",
    "54013",
    "54013",
    "54013",
    "54013",
    "54013",
    "54013",
    "54013",
    "54013",
    "54013",
    "54013",
    "54013",
    "54013",
    "54013",
    "54013",
    "54013",
    "54013",
    "54013",
    "54013",
    "54013",
    "54013",
    "54013",
    "54013",
    "54013",
    "54013",
    "54013",
    "54013",
    "54013",
    "54013",
    "54013",
    "54013",
    "54013",
    "54013",
    "54013",
    "54013",
    "54013",
    "54013",
    "54013",
    "54013",
    "54013",
    "54013",
    "54013",
    "54013",
    "54013",
    "54013",
    "54013",
    "54013",
    "54013",
    "54013",
    "54013",
    "54013",
    "54013",
    "54013",
    "54013",
    "54013",
    "54013",
    "54013",
    "54013",
    "54013",
    "54013",
    "54013",
    "54013",
    "54013",
    "54013",
    "54013",
    "54013",
    "54013",
    "54013",
    "54013",
    "54013",
    "54013",
    "54013",
    "54013",
    "54013",
    "54013",
    "54013",
    "54013",
    "54013",
    "54013",
    "54013",
    "54013",
    "54013",
    "54013",
    "54013",
    "54013",
    "54013",
    "54013",
    "54013",
    "54013",
    "54013",
    "54013",
    "54013",
    "54013",
    "54013",
    "54013",
    "54013",
    "54013",
    "54013",
    "54013",
    "54013",
    "54013",
    "54013",
    "54013",
    "54013",
    "54013",
    "54013",
    "54013",
    "54013",
    "54013",
    "54013",
    "54013",
    "54013",
    "54013",
    "54013",
    "54013",
    "54013",
    "54013",
    "54013",
    "54013",
    "54013",
    "54013",
    "54013",
    "54013",
    "54013",
    "54013",
    "54013",
    "54013",
    "54013",
    "54013",
    "54013",
    "54013",
    "54013",
    "54013",
    "54013",
    "54013",
    "54013",
    "54013",
    "54013",
    "54013",
    "54013",
    "54013",
    "54013",
    "54013",
    "54013",
    "54013",
    "54013",
    "54013",
    "54013",
    "54013",
    "54013",
    "54013",
    "54013",
    "54013",
    "54013",
    "54013",
    "54013",
    "54013",
    "54013",
    "54013",
    "54013",
    "54013",
    "54013",
    "54013",
    "54013",
    "54013",
    "54013",
    "54013",
    "54013",
    "54013",
    "54013",
    "54013",
    "54013",
    "54013",
    "54013",
    "54013",
    "54013",
    "54013",
    "54013",
    "54013",
    "54013",
    "54013",
    "54013",
    "54013",
    "54013",
    "54013",
    "54013",
    "54013",
    "54013",
    "54013",
    "54013",
    "54013",
    "54013",
    "54013",
    "54013",
    "54013",
    "54013",
    "54013",
    "54013",
    "54013",
    "54013",
    "54013",
    "54013",
    "54013",
    "54013",
    "54013",
    "54013",
    "54013",
    "54013",
    "54013",
    "54013",
    "54013",
    "54013",
    "54013",
    "54013",
    "54013",
    "54013",
    "54013",
    "54013",
    "54013",
    "54013",
    "54013",
    "54013",
    "54013",
    "54013",
    "54013",
    "54013",
    "54013",
    "54013",
    "54013",
    "54013",
    "54013",
    "54013",
    "54013",
    "54013",
    "54013",
    "54013",
    "54013",
    "54013",
    "54013",
    "54013",
    "54013",
    "54013",
    "54013",
    "54013",
    "54013",
    "54013",
    "54013",
    "54013",
    "54013",
    "54013",
    "54013",
    "54013",
    "54013",
    "54013",
    "54013",
    "54013",
    "54013",
    "54013",
    "54013",
    "54013",
    "54013",
    "54013",
    "54013",
    "54013",
    "54013",
    "54013",
    "54013",
    "54013",
    "54013",
    "54013",
    "54013",
    "54013",
    "54013",
    "54013",
    "54013",
    "54013",
    "54013",
    "54013",
    "54013",
    "54013",
    "54013",
    "54013",
    "54013",
    "54013",
    "54013",
    "54013",
    "54013",
    "54013",
    "54013",
    "54013",
    "54013",
    "54013",
    "54013",
    "54013",
    "54013",
    "54013",
    "54013",
    "54013",
    "54013",
    "54013",
    "54013",
    "54013",
    "54013",
    "54013",
    "54013",
    "54013",
    "54013",
    "54013",
    "54013",
    "54013",
    "54013",
    "54013",
    "54013",
    "54013",
    "54013",
    "54013",
    "54013",
    "54013",
    "54013",
    "54013",
    "54013",
    "54013",
    "54013",
    "54013",
    "54013",
    "54013",
    "54013",
    "54013",
    "54013",
    "54013",
    "54013",
    "54013",
    "54013",
    "54013",
    "54013",
    "54013",
    "54013",
    "54013",
    "54013",
    "54013",
    "54013",
    "54013",
    "54013",
    "54013",
    "54013",
    "54013",
    "54013",
    "54013",
    "54013",
    "54013",
    "54013",
    "54013",
    "54013",
    "54013",
    "54013",
    "54013",
    "54013",
    "54013",
    "54013",
    "54013",
    "54013",
    "54013",
    "54013",
    "54013",
    "54013",
    "54013",
    "54013",
    "54013",
    "54013",
    "54013",
    "54013",
    "54013",
    "54013",
    "54013",
    "54013",
    "54013",
    "54013",
    "54013",
    "54013",
    "54013",
    "54013",
    "54013",
    "54013",
    "54013",
    "54013",
    "54013",
    "54013",
    "54013",
    "54013",
    "54013",
    "54013",
    "54013",
    "54013",
    "54013",
    "54013",
    "54013",
    "54013",
    "54013",
    "54013",
    "54013",
    "54013",
    "54013",
    "54013",
    "54013",
    "54013",
    "54013",
    "54013",
    "54013",
    "54013",
    "54013",
    "54013",
    "54013",
    "54013",
    "54013",
    "54013",
    "54013",
    "54013",
    "54013",
    "54013",
    "54013",
    "54013",
    "54013",
    "54013",
    "54013",
    "54013",
    "54013",
    "54013",
    "54013",
    "54013",
    "54013",
    "54013",
    "54013",
    "54013",
    "54013",
    "54013",
    "54013",
    "54013",
    "54013",
    "54013",
    "54013",
    "54013",
    "54013",
    "54013",
    "54013",
    "54013",
    "54013",
    "54013",
    "54013",
    "54013",
    "54013",
    "54013",
    "54013",
    "54013",
    "54013",
    "54013",
    "54013",
    "54013",
    "54013",
    "54013",
    "54013",
    "54013",
    "54013",
    "54013",
    "54013",
    "54013",
    "54013",
    "54013",
    "54013",
    "54013",
    "54013",
    "54013",
    "54013",
    "54013",
    "54013",
    "54013",
    "54013",
    "54013",
    "54013",
    "54013",
    "54013",
    "54013",
    "54013",
    "54013",
    "54013",
    "54013",
    "54013",
    "54013",
    "54013",
    "54013",
    "54013",
    "54013",
    "54013",
    "54013",
    "54013",
    "54013",
    "54013",
    "54013",
    "54013",
    "54013",
    "54013",
    "54013",
    "54013",
    "54013",
    "54013",
    "54013",
    "54013",
    "54013",
    "54013",
    "54013",
    "54013",
    "54013",
    "54013",
    "54013",
    "54013",
    "54013",
    "54013",
    "54013",
    "54013",
    "54013",
    "54013",
    "54013",
    "54013",
    "54013",
    "54013",
    "54013",
    "54013",
    "54013",
    "54013",
    "54013",
    "54013",
    "54013",
    "54013",
    "54013",
    "54013",
    "54013",
    "54013",
    "54013",
    "54013",
    "54013",
    "54013",
    "54013",
    "54013",
    "54013",
    "54013",
    "54013",
    "54013",
    "54013",
    "54013",
    "54013",
    "54013",
    "54013",
    "54013",
    "54013",
    "54013",
    "54013",
    "54013",
    "54013",
    "54013",
    "54013",
    "54013",
    "54013",
    "54013",
    "54013",
    "54013",
    "54013",
    "54013",
    "54013",
    "54013",
    "54013",
    "54013",
    "54013",
    "54013",
    "54013",
    "54013",
    "54013",
    "54013",
    "54013",
    "54013",
    "54013",
    "54013",
    "54013",
    "54013",
    "54013",
    "54013",
    "54013",
    "54013",
    "54013",
    "54013",
    "54013",
    "54013",
    "54013",
    "54013",
    "54013",
    "54013",
    "54013",
    "54013",
    "54013",
    "54013",
    "54013",
    "54013",
    "54013",
    "54013",
    "54013",
    "54013",
    "54013",
    "54013",
    "54013",
    "54013",
    "54013",
    "54013",
    "54013",
    "54013",
    "54013",
    "54013",
    "54013",
    "54013",
    "54013",
    "54013",
    "54013",
    "54013",
    "54013",
    "54013",
    "54013",
    "54013",
    "54013",
    "54013",
    "54013",
    "54013",
    "54013",
    "54013",
    "54013",
    "54013",
    "54013",
    "54013",
    "54013",
    "54013",
    "54013",
    "54013",
    "54013",
    "54013",
    "54013",
    "54013",
    "54013",
    "54013",
    "54013",
    "54013",
    "54013",
    "54013",
    "54013",
    "54013",
    "54013",
    "54013",
    "54013",
    "54013",
    "54013",
    "54013",
    "54013",
    "54013",
    "54013",
    "54013",
    "54013",
    "54013",
    "54013",
    "54013",
    "54013",
    "54013",
    "54013",
    "54013",
    "54013",
    "54013",
    "54013",
    "54013",
    "54013",
    "54013",
    "54013",
    "54013",
    "54013",
    "54013",
    "54013",
    "54013",
    "54013",
    "54013",
    "54013",
    "54013",
    "54013",
    "54013",
    "54013",
    "54013",
    "54013",
    "54013",
    "54013",
    "54013",
    "54013",
    "54013",
    "54013",
    "54013",
    "54013",
    "54013",
    "54013",
    "54013",
    "54013",
    "54013",
    "54013",
    "54013",
    "54013",
    "54013",
    "54013",
    "54013",
    "54013",
    "54013",
    "54013",
    "54013",
    "54013",
    "54013",
    "54013",
    "54013",
    "54013",
    "54013",
    "54013",
    "54013",
    "54013",
    "54013",
    "54013",
    "54013",
    "54013",
    "54013",
    "54013",
    "54013",
    "54013",
    "54013",
    "54013",
    "54013",
    "54013",
    "54013",
    "54013",
    "54013",
    "54013",
    "54013",
    "54013",
    "54013",
    "54013",
    "54013",
    "54013",
    "54013",
    "54013",
    "54013",
    "54013",
    "54013",
    "54013",
    "54013",
    "54013",
    "54013",
    "54013",
    "54013",
    "54013",
    "54013",
    "54013",
    "54013",
    "54013",
    "54013",
    "54013",
    "54013",
    "54013",
    "54013",
    "54013",
    "54013",
    "54013",
    "54013",
    "54013",
    "54013",
    "54013",
    "54013",
    "54013",
    "54013",
    "54013",
    "54013",
    "54013",
    "54013",
    "54013",
    "54013",
    "54013",
    "54013",
    "54013",
    "54013",
    "54013",
    "54013",
    "54013",
    "54013",
    "54013",
    "54013",
    "54013",
    "54013",
    "54013",
    "54013",
    "54013",
    "54013",
    "54013",
    "54013",
    "54013",
    "54013",
    "54013",
    "54013",
    "54013",
    "54013",
    "54013",
    "54013",
    "54013",
    "54013",
    "54013",
    "54013",
    "54013",
    "54013",
    "54013",
    "54013",
    "54013",
    "54013",
    "54013",
    "54013",
    "54013",
    "54013",
    "54013",
    "54013",
    "54013",
    "54013",
    "54013",
    "54013",
    "54013",
    "54013",
    "54013",
    "54013",
    "54013",
    "54013",
    "54013",
    "54013",
    "54013",
    "54013",
    "54013",
    "54013",
    "54013",
    "54013",
    "54013",
    "54013",
    "54013",
    "54013",
    "54013",
    "54013",
    "54013",
    "54013",
    "54013",
    "54013",
    "54013",
    "54013",
    "54013",
    "54013",
    "54013",
    "54013",
    "54013",
    "54013",
    "54013",
    "54013",
    "54013",
    "54013",
    "54013",
    "54013",
    "54013",
    "54013",
    "54013",
    "54013",
    "54013",
    "54013",
    "54013",
    "54013",
    "54013",
    "54013",
    "54013",
    "54013",
    "54013",
    "54013",
    "54013",
    "54013",
    "54013",
    "54013",
    "54013",
    "54013",
    "54013",
    "54013",
    "54013",
    "54013",
    "54013",
    "54013",
    "54013",
    "54013",
    "54013",
    "54013",
    "54013",
    "54013",
    "54013",
    "54013",
    "54013",
    "54013",
    "54013",
    "54013",
    "54013",
    "54013",
    "54013",
    "54013",
    "54013",
    "54013",
    "54013",
    "54013",
    "54013",
    "54013",
    "54013",
    "54013",
    "54013",
    "54013",
    "54013",
    "54013",
    "54013",
    "54013",
    "54013",
    "54013",
    "54013",
    "54013",
    "54013",
    "54013",
    "54013",
    "54013",
    "54013",
    "54013",
    "54013",
    "54013",
    "54013",
    "54013",
    "54013",
    "54013",
    "54013",
    "54013",
    "54013",
    "54013",
    "54013",
    "54013",
    "54013",
    "54013",
    "54013",
    "54013",
    "54013",
    "54013",
    "54013",
    "54013",
    "54013",
    "54013",
    "54013",
    "54013",
    "54013",
    "54013",
    "54013",
    "54013",
    "54013",
    "54013",
    "54013",
    "54013",
    "54013",
    "54013",
    "54013",
    "54013",
    "54013",
    "54013",
    "54013",
    "54013",
    "54013",
    "54013",
    "54013",
    "54013",
    "54013",
    "54013",
    "54013",
    "54013",
    "54013",
    "54013",
    "54013",
    "54013",
    "54013",
    "54013",
    "54013",
    "54013",
    "54013",
    "54013",
    "54013",
    "54013",
    "54013",
    "54013",
    "54013",
    "54013",
    "54013",
    "54013",
    "54013",
    "54013",
    "54013",
    "54013",
    "54013",
    "54013",
    "54013",
    "54013",
    "54013",
    "54013",
    "54013",
    "54013",
    "54013",
    "54013",
    "54013",
    "54013",
    "54013",
    "54013",
    "54013",
    "54013",
    "54013",
    "54013",
    "54013",
    "54013",
    "54013",
    "54013",
    "54013",
    "54013",
    "54013",
    "54013",
    "54013",
    "54013",
    "54013",
    "54013",
    "54013",
    "54013",
    "54013",
    "54013",
    "54013",
    "54013",
    "54013",
    "54013",
    "54013",
    "54013",
    "54013",
    "54013",
    "54013",
    "54013",
    "54013",
    "54013",
    "54013",
    "54013",
    "54013",
    "54013",
    "54013",
    "54013",
    "54013",
    "54013",
    "54013",
    "54013",
    "54013",
    "54013",
    "54013",
    "54013",
    "54013",
    "54013",
    "54013",
    "54013",
    "54013",
    "54013",
    "54013",
    "54013",
    "54013",
    "54013",
    "54013",
    "54013",
    "54013",
    "54013",
    "54013",
    "54013",
    "54013",
    "54013",
    "54013",
    "54013",
    "54013",
    "54013",
    "54013",
    "54013",
    "54013",
    "54013",
    "54013",
    "54013",
    "54013",
    "54013",
    "54013",
    "54013",
    "54013",
    "54013",
    "54013",
    "54013",
    "54013",
    "54013",
    "54013",
    "54013",
    "54013",
    "54013",
    "54013",
    "54013",
    "54013",
    "54013",
    "54013",
    "54013",
    "54013",
    "54013",
    "54013",
    "54013",
    "54013",
    "54013",
    "54013",
    "54013",
    "54013",
    "54013",
    "54013",
    "54013",
    "54013",
    "54013",
    "54013",
    "54013",
    "54013",
    "54013",
    "54013",
    "54013",
    "54013",
    "54013",
    "54013",
    "54013",
    "54013",
    "54013",
    "54013",
    "54013",
    "54013",
    "54013",
    "54013",
    "54013",
    "54013",
    "54013",
    "54013",
    "54013",
    "54013",
    "54013",
    "54013",
    "54013",
    "54013",
    "54013",
    "54013",
    "54013",
    "54013",
    "54013",
    "54013",
    "54013",
    "54013",
    "54013",
    "54013",
    "54013",
    "54013",
    "54013",
    "54013",
    "54013",
    "54013",
    "54013",
    "54013",
    "54013",
    "54013",
    "54013",
    "54013",
    "54013",
    "54013",
    "54013",
    "54013",
    "54013",
    "54013",
    "54013",
    "54013",
    "54013",
    "54013",
    "54013",
    "54013",
    "54013",
    "54013",
    "54013",
    "54013",
    "54013",
    "54013",
    "54013",
    "54013",
    "54013",
    "54013",
    "54013",
    "54013",
    "54013",
    "54013",
    "54013",
    "54013",
    "54013",
    "54013",
    "54013",
    "54013",
    "54013",
    "54013",
    "54013",
    "54013",
    "54013",
    "54013",
    "54013",
    "54013",
    "54013",
    "54013",
    "54013",
    "54013",
    "54013",
    "54013",
    "54013",
    "54013",
    "54013",
    "54013",
    "54013",
    "54013",
    "54013",
    "54013",
    "54013",
    "54013",
    "54013",
    "54013",
    "54013",
    "54013",
    "54013",
    "54013",
    "54013",
    "54013",
    "54013",
    "54013",
    "54013",
    "54013",
    "54013",
    "54013",
    "54013",
    "54013",
    "54013",
    "54013",
    "54013",
    "54013",
    "54013",
    "54013",
    "54013",
    "54013",
    "54013",
    "54013",
    "54013",
    "54013",
    "54013",
    "54013",
    "54013",
    "54013",
    "54013",
    "54013",
    "54013",
    "54013",
    "54013",
    "54013",
    "54013",
    "54013",
    "54013",
    "54013",
    "54013",
    "54013",
    "54013",
    "54013",
    "54013",
    "54013",
    "54013",
    "54013",
    "54013",
    "54013",
    "54013",
    "54013",
    "54013",
    "54013",
    "54013",
    "54013",
    "54013",
    "54013",
    "54013",
    "54013",
    "54013",
    "54013",
    "54013",
    "54013",
    "54013",
    "54013",
    "54013",
    "54013",
    "54013",
    "54013",
    "54013",
    "54013",
    "54013",
    "54013",
    "54013",
    "54013",
    "54013",
    "54013",
    "54013",
    "54013",
    "54013",
    "54013",
    "54013",
    "54013",
    "54013",
    "54013",
    "54013",
    "54013",
    "54013",
    "54013",
    "54013",
    "54013",
    "54013",
    "54013",
    "54013",
    "54013",
    "54013",
    "54013",
    "54013",
    "54013",
    "54013",
    "54013",
    "54013",
    "54013",
    "54013",
    "54013",
    "54013",
    "54013",
    "54013",
    "54013",
    "54013",
    "54013",
    "54013",
    "54013",
    "54013",
    "54013",
    "54013",
    "54013",
    "54013",
    "54013",
    "54013",
    "54013",
    "54013",
    "54013",
    "54013",
    "54013",
    "54013",
    "54013",
    "54013",
    "54013",
    "54013",
    "54013",
    "54013",
    "54013",
    "54013",
    "54013",
    "54013",
    "54013",
    "54013",
    "54013",
    "54013",
    "54013",
    "54013",
    "54013",
    "54013",
    "54013",
    "54013",
    "54013",
    "54013",
    "54013",
    "54013",
    "54013",
    "54013",
    "54013",
    "54013",
    "54013",
    "54013",
    "54013",
    "54013",
    "54013",
    "54013",
    "54013",
    "54013",
    "54013",
    "54013",
    "54013",
    "54013",
    "54013",
    "54013",
    "54013",
    "54013",
    "54013",
    "54013",
    "54013",
    "54013",
    "54013",
    "54013",
    "54013",
    "54013",
    "54013",
    "54013",
    "54013",
    "54013",
    "54013",
    "54013",
    "54013",
    "54013",
    "54013",
    "54013",
    "54013",
    "54013",
    "54013",
    "54013",
    "54013",
    "54013",
    "54013",
    "54013",
    "54013",
    "54013",
    "54013",
    "54013",
    "54013",
    "54013",
    "54013",
    "54013",
    "54013",
    "54013",
    "54013",
    "54013",
    "54013",
    "54013",
    "54013",
    "54013",
    "54013",
    "54013",
    "54013",
    "54013",
    "54013",
    "54013",
    "54013",
    "54013",
    "54013",
    "54013",
    "54013",
    "54013",
    "54013",
    "54013",
    "54013",
    "54013",
    "54013",
    "54013",
    "54013",
    "54013",
    "54013",
    "54013",
    "54013",
    "54013",
    "54013",
    "54013",
    "54013",
    "54013",
    "54013",
    "54013",
    "54013",
    "54013",
    "54013",
    "54013",
    "54013",
    "54013",
    "54013",
    "54013",
    "54013",
    "54013",
    "54013",
    "54013",
    "54013",
    "54013",
    "54013",
    "54013",
    "54013",
    "54013",
    "54013",
    "54013",
    "54013",
    "54013",
    "54013",
    "54013",
    "54013",
    "54013",
    "54013",
    "54013",
    "54013",
    "54013",
    "54013",
    "54013",
    "54013",
    "54013",
    "54013",
    "54013",
    "54013",
    "54013",
    "54013",
    "54013",
    "54013",
    "54013",
    "54013",
    "54013",
    "54013",
    "54013",
    "54013",
    "54013",
    "54013",
    "54013",
    "54013",
    "54013",
    "54013",
    "54013",
    "54013",
    "54013",
    "54013",
    "54013",
    "54013",
    "54013",
    "54013",
    "54013",
    "54013",
    "54013",
    "54013",
    "54013",
    "54013",
    "54013",
    "54013",
    "54013",
    "54013",
    "54013",
    "54013",
    "54013",
    "54013",
    "54013",
    "54013",
    "54013",
    "54013",
    "54013",
    "54013",
    "54013",
    "54013",
    "54013",
    "54013",
    "54013",
    "54013",
    "54013",
    "54013",
    "54013",
    "54013",
    "54013",
    "54013",
    "54013",
    "54013",
    "54013",
    "54013",
    "54013",
    "54013",
    "54013",
    "54013",
    "54013",
    "54013",
    "54013",
    "54013",
    "54013",
    "54013",
    "54013",
    "54013",
    "54013",
    "54013",
    "54013",
    "54013",
    "54013",
    "54013",
    "54013",
    "54013",
    "54013",
    "54013",
    "54013",
    "54013",
    "54013",
    "54013",
    "54013",
    "54013",
    "54013",
    "54013",
    "54013",
    "54013",
    "54013",
    "54013",
    "54013",
    "54013",
    "54013",
    "54013",
    "54013",
    "54013",
    "54013",
    "54013",
    "54013",
    "54013",
    "54013",
    "54013",
    "54013",
    "54013",
    "54013",
    "54013",
    "54013",
    "54013",
    "54013",
    "54013",
    "54013",
    "54013",
    "54013",
    "54013",
    "54013",
    "54013",
    "54013",
    "54013",
    "54013",
    "54013",
    "54013",
    "54013",
    "54013",
    "54013",
    "54013",
    "54013",
    "54013",
    "54013",
    "54013",
    "54013",
    "54013",
    "54013",
    "54013",
    "54013",
    "54013",
    "54013",
    "54013",
    "54013",
    "54013",
    "54013",
    "54013",
    "54013",
    "54013",
    "54013",
    "54013",
    "54013",
    "54013",
    "54013",
    "54013",
    "54013",
    "54013",
    "54013",
    "54013",
    "54013",
    "54013",
    "54013",
    "54013",
    "54013",
    "54013",
    "54013",
    "54013",
    "54013",
    "54013",
    "54013",
    "54013",
    "54013",
    "54013",
    "54013",
    "54013",
    "54013",
    "54013",
    "54013",
    "54013",
    "54013",
    "54013",
    "54013",
    "54013",
    "54013",
    "54013",
    "54013",
    "54013",
    "54013",
    "54013",
    "54013",
    "54013",
    "54013",
    "54013",
    "54013",
    "54013",
    "54013",
    "54013",
    "54013",
    "54013",
    "54013",
    "54013",
    "54013",
    "54013",
    "54013",
    "54013",
    "54013",
    "54013",
    "54013",
    "54013",
    "54013",
    "54013",
    "54013",
    "54013",
    "54013",
    "54013",
    "54013",
    "54013",
    "54013",
    "54013",
    "54013",
    "54013",
    "54013",
    "54013",
    "54013",
    "54013",
    "54013",
    "54013",
    "54013",
    "54013",
    "54013",
    "54013",
    "54013",
    "54013",
    "54013",
    "54013",
    "54013",
    "54013",
    "54013",
    "54013",
    "54013",
    "54013",
    "54013",
    "54013",
    "54013",
    "54013",
    "54013",
    "54013",
    "54013",
    "54013",
    "54013",
    "54013",
    "54013",
    "54013",
    "54013",
    "54013",
    "54013",
    "54013",
    "54013",
    "54013",
    "54013",
    "54013",
    "54013",
    "54013",
    "54013",
    "54013",
    "54013",
    "54013",
    "54013",
    "54013",
    "54013",
    "54013",
    "54013",
    "54013",
    "54013",
    "54013",
    "54013",
    "54013",
    "54013",
    "54013",
    "54013",
    "54013",
    "54013",
    "54013",
    "54013",
    "54013",
    "54013",
    "54013",
    "54013",
    "54013",
    "54013",
    "54013",
    "54013",
    "54013",
    "54013",
    "54013",
    "54013",
    "54013",
    "54013",
    "54013",
    "54013",
    "54013",
    "54013",
    "54013",
    "54013",
    "54013",
    "54013",
    "54013",
    "54013",
    "54013",
    "54013",
    "54013",
    "54013",
    "54013",
    "54013",
    "54013",
    "54013",
    "54013",
    "54013",
    "54013",
    "54013",
    "54013",
    "54013",
    "54013",
    "54013",
    "54013",
    "54013",
    "54013",
    "54013",
    "54013",
    "54013",
    "54013",
    "54013",
    "54013",
    "54013",
    "54013",
    "54013",
    "54013",
    "54013",
    "54013",
    "54013",
    "54013",
    "54013",
    "54013",
    "54013",
    "54013",
    "54013",
    "54013",
    "54013",
    "54013",
    "54013",
    "54013",
    "54013",
    "54013",
    "54013",
    "54013",
    "54013",
    "54013",
    "54013",
    "54013",
    "54013",
    "54013",
    "54013",
    "54013",
    "54013",
    "54013",
    "54013",
    "54013",
    "54013",
    "54013",
    "54013",
    "54013",
    "54013",
    "54013",
    "54013",
    "54013",
    "54013",
    "54013",
    "54013",
    "54013",
    "54013",
    "54013",
    "54013",
    "54013",
    "54013",
    "54013",
    "54013",
    "54013",
    "54013",
    "54013",
    "54013",
    "54013",
    "54013",
    "54013",
    "54013",
    "54013",
    "54013",
    "54013",
    "54013",
    "54013",
    "54013",
    "54013",
    "54013",
    "54013",
    "54013",
    "54013",
    "54013",
    "54013",
    "54013",
    "54013",
    "54013",
    "54013",
    "54013",
    "54013",
    "54013",
    "54013",
    "54013",
    "54013",
    "54013",
    "54013",
    "54013",
    "54013",
    "54013",
    "54013",
    "54013",
    "54013",
    "54013",
    "54013",
    "54013",
    "54013",
    "54013",
    "54013",
    "54013",
    "54013",
    "54013",
    "54013",
    "54013",
    "54013",
    "54013",
    "54013",
    "54013",
    "54013",
    "54013",
    "54013",
    "54013",
    "54013",
    "54013",
    "54013",
    "54013",
    "54013",
    "54013",
    "54013",
    "54013",
    "54013",
    "54013",
    "54013",
    "54013",
    "54013",
    "54013",
    "54013",
    "54013",
    "54013",
    "54013",
    "54013",
    "54013",
    "54013",
    "54013",
    "54013",
    "54013",
    "54013",
    "54013",
    "54013",
    "54013",
    "54013",
    "54013",
    "54013",
    "54013",
    "54013",
    "54013",
    "54013",
    "54013",
    "54013",
    "54013",
    "54013",
    "54013",
    "54013",
    "54013",
    "54013",
    "54013",
    "54013",
    "54013",
    "54013",
    "54013",
    "54013",
    "54013",
    "54013",
    "54013",
    "54013",
    "54013",
    "54013",
    "54013",
    "54013",
    "54013",
    "54013",
    "54013",
    "54013",
    "54013",
    "54013",
    "54013",
    "54013",
    "54013",
    "54013",
    "54013",
    "54013",
    "54013",
    "54013",
    "54013",
    "54013",
    "54013",
    "54013",
    "54013",
    "54013",
    "54013",
    "54013",
    "54013",
    "54013",
    "54013",
    "54013",
    "54013",
    "54013",
    "54013",
    "54013",
    "54013",
    "54013",
    "54013",
    "54013",
    "54013",
    "54013",
    "54013",
    "54013",
    "54013",
    "54013",
    "54013",
    "54013",
    "54013",
    "54013",
    "54013",
    "54013",
    "54013",
    "54013",
    "54013",
    "54013",
    "54013",
    "54013",
    "54013",
    "54013",
    "54013",
    "54013",
    "54013",
    "54013",
    "54013",
    "54013",
    "54013",
    "54013",
    "54013",
    "54013",
    "54013",
    "54013",
    "54013",
    "54013",
    "54013",
    "54013",
    "54013",
    "54013",
    "54013",
    "54013",
    "54013",
    "54013",
    "54013",
    "54013",
    "54013",
    "54013",
    "54013",
    "54013",
    "54013",
    "54013",
    "54013",
    "54013",
    "54013",
    "54013",
    "54013",
    "54013",
    "54013",
    "54013",
    "54013",
    "54013",
    "54013",
    "54013",
    "54013",
    "54013",
    "54013",
    "54013",
    "54013",
    "54013",
    "54013",
    "54013",
    "54013",
    "54013",
    "54013",
    "54013",
    "54013",
    "54013",
    "54013",
    "54013",
    "54013",
    "54013",
    "54013",
    "54013",
    "54013",
    "54013",
    "54013",
    "54013",
    "54013",
    "54013",
    "54013",
    "54013",
    "54013",
    "54013",
    "54013",
    "54013",
    "54013",
    "54013",
    "54013",
    "54013",
    "54013",
    "54013",
    "54013",
    "54013",
    "54013",
    "54013",
    "54013",
    "54013",
    "54013",
    "54013",
    "54013",
    "54013",
    "54013",
    "54013",
    "54013",
    "54013",
    "54013",
    "54013",
    "54013",
    "54013",
    "54013",
    "54013",
    "54013",
    "54013",
    "54013",
    "54013",
    "54013",
    "54013",
    "54013",
    "54013",
    "54013",
    "54013",
    "54013",
    "54013",
    "54013",
    "54013",
    "54013",
    "54013",
    "54013",
    "54013",
    "54013",
    "54013",
    "54013",
    "54013",
    "54013",
    "54013",
    "54013",
    "54013",
    "54013",
    "54013",
    "54013",
    "54013",
    "54013",
    "54013",
    "54013",
    "54013",
    "54013",
    "54013",
    "54013",
    "54013",
    "54013",
    "54013",
    "54013",
    "54013",
    "54013",
    "54013",
    "54013",
    "54013",
    "54013",
    "54013",
    "54013",
    "54013",
    "54013",
    "54013",
    "54013",
    "54013",
    "54013",
    "54013",
    "54013",
    "54013",
    "54013",
    "54013",
    "54013",
    "54013",
    "54013",
    "54013",
    "54013",
    "54013",
    "54013",
    "54013",
    "54013",
    "54013",
    "54013",
    "54013",
    "54013",
    "54013",
    "54013",
    "54013",
    "54013",
    "54013",
    "54013",
    "54013",
    "54013",
    "54013",
    "54013",
    "54013",
    "54013",
    "54013",
    "54013",
    "54013",
    "54013",
    "54013",
    "54013",
    "54013",
    "54013",
    "54013",
    "54013",
    "54013",
    "54013",
    "54013",
    "54013",
    "54013",
    "54013",
    "54013",
    "54013",
    "54013",
    "54013",
    "54013",
    "54013",
    "54013",
    "54013",
    "54013",
    "54013",
    "54013",
    "54013",
    "54013",
    "54013",
    "54013",
    "54013",
    "54013",
    "54013",
    "54013",
    "54013",
    "54013",
    "54013",
    "54013",
    "54013",
    "54013",
    "54013",
    "54013",
    "54013",
    "54013",
    "54013",
    "54013",
    "54013",
    "54013",
    "54013",
    "54013",
    "54013",
    "54013",
    "54013",
    "54013",
    "54013",
    "54013",
    "54013",
    "54013",
    "54013",
    "54013",
    "54013",
    "54013",
    "54013",
    "54013",
    "54013",
    "54013",
    "54013",
    "54013",
    "54013",
    "54013",
    "54013",
    "54013",
    "54013",
    "54013",
    "54013",
    "54013",
    "54013",
    "54013",
    "54013",
    "54013",
    "54013",
    "54013",
    "54013",
    "54013",
    "54013",
    "54013",
    "54013",
    "54013",
    "54013",
    "54013",
    "54013",
    "54013",
    "54013",
    "54013",
    "54013",
    "54013",
    "54013",
    "54013",
    "54013",
    "54013",
    "54013",
    "54013",
    "54013",
    "54013",
    "54013",
    "54013",
    "54013",
    "54013",
    "54013",
    "54013",
    "54013",
    "54013",
    "54013",
    "54013",
    "54013",
    "54013",
    "54013",
    "54013",
    "54013",
    "54013",
    "54013",
    "54013",
    "54013",
    "54013",
    "54013",
    "54013",
    "54013",
    "54013",
    "54013",
    "54013",
    "54013",
    "54013",
    "54013",
    "54013",
    "54013",
    "54013",
    "54013",
    "54013",
    "54013",
    "54013",
    "54013",
    "54013",
    "54013",
    "54013",
    "54013",
    "54013",
    "54013",
    "54013",
    "54013",
    "54013",
    "54013",
    "54013",
    "54013",
    "54013",
    "54013",
    "54013",
    "54013",
    "54013",
    "54013",
    "54013",
    "54013",
    "54013",
    "54013",
    "54013",
    "54013",
    "54013",
    "54013",
    "54013",
    "54013",
    "54013",
    "54013",
    "54013",
    "54013",
    "54013",
    "54013",
    "54013",
    "54013",
    "54013",
    "54013",
    "54013",
    "54013",
    "54013",
    "54013",
    "54013",
    "54013",
    "54013",
    "54013",
    "54013",
    "54013",
    "54013",
    "54013",
    "54013",
    "54013",
    "54013",
    "54013",
    "54013",
    "54013",
    "54013",
    "54013",
    "54013",
    "54013",
    "54013",
    "54013",
    "54013",
    "54013",
    "54013",
    "54013",
    "54013",
    "54013",
    "54013",
    "54013",
    "54013",
    "54013",
    "54013",
    "54013",
    "54013",
    "54013",
    "54013",
    "54013",
    "54013",
    "54013",
    "54013",
    "54013",
    "54013",
    "54013",
    "54013",
    "54013",
    "54013",
    "54013",
    "54013",
    "54013",
    "54013",
    "54013",
    "54013",
    "54013",
    "54013",
    "54013",
    "54013",
    "54013",
    "54013",
    "54013",
    "54013",
    "54013",
    "54013",
    "54013",
    "54013",
    "54013",
    "54013",
    "54013",
    "54013",
    "54013",
    "54013",
    "54013",
    "54013",
    "54013",
    "54013",
    "54013",
    "54013",
    "54013",
    "54013",
    "54013",
    "54013",
    "54013",
    "54013",
    "54013",
    "54013",
    "54013",
    "54013",
    "54013",
    "54013",
    "54013",
    "54013",
    "54013",
    "54013",
    "54013",
    "54013",
    "54013",
    "54013",
    "54013",
    "54013",
    "54013",
    "54013",
    "54013",
    "54013",
    "54013",
    "54013",
    "54013",
    "54013",
    "54013",
    "54013",
    "54013",
    "54013",
    "54013",
    "54013",
    "54013",
    "54013",
    "54013",
    "54013",
    "54013",
    "54013",
    "54013",
    "54013",
    "54013",
    "54013",
    "54013",
    "54013",
    "54013",
    "54013",
    "54013",
    "54013",
    "54013",
    "54013",
    "54013",
    "54013",
    "54013",
    "54013",
    "54013",
    "54013",
    "54013",
    "54013",
    "54013",
    "54013",
    "54013",
    "54013",
    "54013",
    "54013",
    "54013",
    "54013",
    "54013",
    "54013",
    "54013",
    "54013",
    "54013",
    "54013",
    "54013",
    "54013",
    "54013",
    "54013",
    "54013",
    "54013",
    "54013",
    "54013",
    "54013",
    "54013",
    "54013",
    "54013",
    "54013",
    "54013",
    "54013",
    "54013",
    "54013",
    "54013",
    "54013",
    "54013",
    "54013",
    "54013",
    "54013",
    "54013",
    "54013",
    "54013",
    "54013",
    "54013",
    "54013",
    "54013",
    "54013",
    "54013",
    "54013",
    "54013",
    "54013",
    "54013",
    "54013",
    "54013",
    "54013",
    "54013",
    "54013",
    "54013",
    "54013",
    "54013",
    "54013",
    "54013",
    "54013",
    "54013",
    "54013",
    "54013",
    "54013",
    "54013",
    "54013",
    "54013",
    "54013",
    "54013",
    "54013",
    "54013",
    "54013",
    "54013",
    "54013",
    "54013",
    "54013",
    "54013",
    "54013",
    "54013",
    "54013",
    "54013",
    "54013",
    "54013",
    "54013",
    "54013",
    "54013",
    "54013",
    "54013",
    "54013",
    "54013",
    "54013",
    "54013",
    "54013",
    "54013",
    "54013",
    "54013",
    "54013",
    "54013",
    "54013",
    "54013",
    "54013",
    "54013",
    "54013",
    "54013",
    "54013",
    "54013",
    "54013",
    "54013",
    "54013",
    "54013",
    "54013",
    "54013",
    "54013",
    "54013",
    "54013",
    "54013",
    "54013",
    "54013",
    "54013",
    "54013",
    "54013",
    "54013",
    "54013",
    "54013",
    "54013",
    "54013",
    "54013",
    "54013",
    "54013",
    "54013",
    "54013",
    "54013",
    "54013",
    "54013",
    "54013",
    "54013",
    "54013",
    "54013",
    "54013",
    "54013",
    "54013",
    "54013",
    "54013",
    "54013",
    "54013",
    "54013",
    "54013",
    "54013",
    "54013",
    "54013",
    "54013",
    "54013",
    "54013",
    "54013",
    "54013",
    "54013",
    "54013",
    "54013",
    "54013",
    "54013",
    "54013",
    "54013",
    "54013",
    "54013",
    "54013",
    "54013",
    "54013",
    "54013",
    "54013",
    "54013",
    "54013",
    "54013",
    "54013",
    "54013",
    "54013",
    "54013",
    "54013",
    "54013",
    "54013",
    "54013",
    "54013",
    "54013",
    "54013",
    "54013",
    "54013",
    "54013",
    "54013",
    "54013",
    "54013",
    "54013",
    "54013",
    "54013",
    "54013",
    "54013",
    "54013",
    "54013",
    "54013",
    "54013",
    "54013",
    "54013",
    "54013",
    "54013",
    "54013",
    "54013",
    "54013",
    "54013",
    "54013",
    "54013",
    "54013",
    "54013",
    "54013",
    "54013",
    "54013",
    "54013",
    "54013",
    "54013",
    "54013",
    "54013",
    "54013",
    "54013",
    "54013",
    "54013",
    "54013",
    "54013",
    "54013",
    "54013",
    "54013",
    "54013",
    "54013",
    "54013",
    "54013",
    "54013",
    "54013",
    "54013",
    "54013",
    "54013",
    "54013",
    "540

Processed file PID-997_07 Tank Farm B and C Steam and Condensate.pdf, generated 0 tags.

Error generating and validating equipment list: 'NoneType' object has no attribute 'strip'

Failed to generate valid equipment list after 4 tries. Last output:
None
Last model ouptut:
None

Processed file PID-997_07 Tank Farm B and C Steam and Condensate.pdf, generated 0 tags.

Processed file PID-997_07 Tank Farm B and C Steam and Condensate.pdf, generated 26 tags.

Processed file PID-997_07 Tank Farm B and C Steam and Condensate.pdf, generated 0 tags.

Processed file PID-997_07 Tank Farm B and C Steam and Condensate.pdf, generated 32 tags.

Processed file PID-997_07 Tank Farm B and C Steam and Condensate.pdf, generated 36 tags.

Processed file PID-997_07 Tank Farm B and C Steam and Condensate.pdf, generated 3 tags.

Processed file PID-997_07 Tank Farm B and C Steam and Condensate.pdf, generated 5 tags.

Processed file PID-997_07 Tank Farm B and C Steam and Condensate.pdf, generated 13 tags.

Processed file PID-997_07 Tank Farm B and C Steam and Condensate.pdf, generated 8 tags.

Processed file PID-997_07 Tank Farm B and C Steam and Condensate.pdf, generated 0 tags.

Processed file PID-997_07 Tank Farm B and C Steam and Condensate.pdf, generated 56 tags.

Processed file PID-997_07 Tank Farm B and C Steam and Condensate.pdf, generated 36 tags.

Processed file PID-997_07 Tank Farm B and C Steam and Condensate.pdf, generated 4 tags.

Processed file PID-997_07 Tank Farm B and C Steam and Condensate.pdf, generated 20 tags.

Processed file PID-997_07 Tank Farm B and C Steam and Condensate.pdf, generated 6 tags.

Processed file PID-997_07 Tank Farm B and C Steam and Condensate.pdf, generated 6 tags.

Processed file PID-997_07 Tank Farm B and C Steam and Condensate.pdf, generated 10 tags.

Processed file PID-997_07 Tank Farm B and C Steam and Condensate.pdf, generated 21 tags.

Processed file PID-997_07 Tank Farm B and C Steam and Condensate.pdf, generated 42 tags.

Processed file PID-997_07 Tank Farm B and C Steam and Condensate.pdf, generated 8 tags.

Processed file PID-997_07 Tank Farm B and C Steam and Condensate.pdf, generated 3 tags.

Processed file PID-970 Safety Relief Distillation.pdf, generated 4 tags.

Processed file PID-970 Safety Relief Distillation.pdf, generated 107 tags.

Processed file PID-970 Safety Relief Distillation.pdf, generated 87 tags.

Processed file PID-970 Safety Relief Distillation.pdf, generated 0 tags.

Processed file PID-970 Safety Relief Distillation.pdf, generated 91 tags.

Processed file PID-970 Safety Relief Distillation.pdf, generated 88 tags.

Processed file PID-970 Safety Relief Distillation.pdf, generated 53 tags.

Processed file PID-970 Safety Relief Distillation.pdf, generated 0 tags.

Processed file PID-970 Safety Relief Distillation.pdf, generated 0 tags.

Processed file PID-970 Safety Relief Distillation.pdf, generated 133 tags.

Processed file PID-970 Safety Relief Distillation.pdf, generated 4 tags.

Processed file PID-970 Safety Relief Distillation.pdf, generated 109 tags.

Processed file PID-970 Safety Relief Distillation.pdf, generated 84 tags.

Processed file PID-970 Safety Relief Distillation.pdf, generated 0 tags.

Processed file PID-970 Safety Relief Distillation.pdf, generated 90 tags.

Processed file PID-970 Safety Relief Distillation.pdf, generated 87 tags.

Processed file PID-970 Safety Relief Distillation.pdf, generated 52 tags.

Processed file PID-970 Safety Relief Distillation.pdf, generated 0 tags.

Processed file PID-970 Safety Relief Distillation.pdf, generated 0 tags.

Processed file PID-970 Safety Relief Distillation.pdf, generated 151 tags.

Processed file PID-970 Safety Relief Distillation.pdf, generated 77 tags.

Processed file PID-970 Safety Relief Distillation.pdf, generated 0 tags.

Processed file PID-970 Safety Relief Distillation.pdf, generated 41 tags.

Processed file PID-970 Safety Relief Distillation.pdf, generated 0 tags.

Processed file PID-970 Safety Relief Distillation.pdf, generated 140 tags.

Processed file PID-970 Safety Relief Distillation.pdf, generated 0 tags.

Processed file PID-970 Safety Relief Distillation.pdf, generated 151 tags.

Processed file PID-970 Safety Relief Distillation.pdf, generated 69 tags.

Processed file PID-970 Safety Relief Distillation.pdf, generated 62 tags.

Processed file PID-970 Safety Relief Distillation.pdf, generated 54 tags.

Processed file PID-970 Safety Relief Distillation.pdf, generated 79 tags.

Processed file PID-970 Safety Relief Distillation.pdf, generated 0 tags.

Processed file PID-970 Safety Relief Distillation.pdf, generated 38 tags.

Processed file PID-970 Safety Relief Distillation.pdf, generated 155 tags.

Processed file PID-970 Safety Relief Distillation.pdf, generated 166 tags.

Processed file PID-970 Safety Relief Distillation.pdf, generated 130 tags.

Processed file PID-970 Safety Relief Distillation.pdf, generated 110 tags.

Processed file PID-970 Safety Relief Distillation.pdf, generated 102 tags.

Processed file PID-970 Safety Relief Distillation.pdf, generated 49 tags.

Processed file PID-970 Safety Relief Distillation.pdf, generated 74 tags.

Processed file PID-970 Safety Relief Distillation.pdf, generated 130 tags.

Processed file PID-970 Safety Relief Distillation.pdf, generated 120 tags.

Processed file PID-970 Safety Relief Distillation.pdf, generated 129 tags.

Processed file PID-970 Safety Relief Distillation.pdf, generated 114 tags.

Processed file PID-970 Safety Relief Distillation.pdf, generated 190 tags.

Processed file PID-970 Safety Relief Distillation.pdf, generated 86 tags.

Processed file PID-970 Safety Relief Distillation.pdf, generated 0 tags.

Processed file PID-970 Safety Relief Distillation.pdf, generated 130 tags.

Processed file PID-970 Safety Relief Distillation.pdf, generated 150 tags.

Processed file PID-970 Safety Relief Distillation.pdf, generated 0 tags.

Processed file PID-970 Safety Relief Distillation.pdf, generated 82 tags.

Processed file PID-970 Safety Relief Distillation.pdf, generated 79 tags.

Processed file PID-970 Safety Relief Distillation.pdf, generated 332 tags.

Processed file PID-970 Safety Relief Distillation.pdf, generated 0 tags.

Processed file PID-970 Safety Relief Distillation.pdf, generated 157 tags.

Processed file PID-970 Safety Relief Distillation.pdf, generated 12 tags.

Processed file PID-970 Safety Relief Distillation.pdf, generated 28 tags.

Processed file PID-970 Safety Relief Distillation.pdf, generated 0 tags.

Processed file PID-970 Safety Relief Distillation.pdf, generated 0 tags.

Processed file PID-970 Safety Relief Distillation.pdf, generated 0 tags.

Processed file PID-970 Safety Relief Distillation.pdf, generated 53 tags.

Processed file PID-970 Safety Relief Distillation.pdf, generated 285 tags.

Processed file PID-970 Safety Relief Distillation.pdf, generated 65 tags.

Processed file PID-970 Safety Relief Distillation.pdf, generated 65 tags.

Processed file PID-970 Safety Relief Distillation.pdf, generated 103 tags.

Processed file PID-970 Safety Relief Distillation.pdf, generated 53 tags.

Processed file PID-970 Safety Relief Distillation.pdf, generated 66 tags.

Processed file PID-970 Safety Relief Distillation.pdf, generated 69 tags.

Processed file PID-970 Safety Relief Distillation.pdf, generated 62 tags.

Processed file PID-970 Safety Relief Distillation.pdf, generated 95 tags.

Processed file PID-970 Safety Relief Distillation.pdf, generated 136 tags.

Processed file PID-970 Safety Relief Distillation.pdf, generated 0 tags.

Processed file PID-970 Safety Relief Distillation.pdf, generated 0 tags.

Processed file PID-970 Safety Relief Distillation.pdf, generated 0 tags.

Processed file PID-970 Safety Relief Distillation.pdf, generated 0 tags.

Processed file PID-970 Safety Relief Distillation.pdf, generated 88 tags.

Processed file PID-970 Safety Relief Distillation.pdf, generated 0 tags.

Processed file PID-970 Safety Relief Distillation.pdf, generated 25 tags.

